ISO-10303-21;
HEADER;
FILE_DESCRIPTION((''),'2;1');
FILE_NAME('TURTLEBOT2_MOUNT_XTION','2012-10-13T',('Ziggy Leacock'),(''),
'PRO/ENGINEER BY PARAMETRIC TECHNOLOGY CORPORATION, 2012060',
'PRO/ENGINEER BY PARAMETRIC TECHNOLOGY CORPORATION, 2012060','');
FILE_SCHEMA(('CONFIG_CONTROL_DESIGN'));
ENDSEC;
DATA;
#1=CARTESIAN_POINT('',(9.7995E1,0.E0,-1.2E1));
#2=DIRECTION('',(0.E0,1.E0,0.E0));
#3=DIRECTION('',(1.E0,0.E0,0.E0));
#4=AXIS2_PLACEMENT_3D('',#1,#2,#3);
#6=CARTESIAN_POINT('',(9.7995E1,0.E0,-1.2E1));
#7=DIRECTION('',(0.E0,1.E0,0.E0));
#8=DIRECTION('',(-1.E0,0.E0,0.E0));
#9=AXIS2_PLACEMENT_3D('',#6,#7,#8);
#11=CARTESIAN_POINT('',(-9.7995E1,0.E0,-1.2E1));
#12=DIRECTION('',(0.E0,1.E0,0.E0));
#13=DIRECTION('',(1.E0,0.E0,0.E0));
#14=AXIS2_PLACEMENT_3D('',#11,#12,#13);
#16=CARTESIAN_POINT('',(-9.7995E1,0.E0,-1.2E1));
#17=DIRECTION('',(0.E0,1.E0,0.E0));
#18=DIRECTION('',(-1.E0,0.E0,0.E0));
#19=AXIS2_PLACEMENT_3D('',#16,#17,#18);
#21=CARTESIAN_POINT('',(-9.7995E1,0.E0,1.2E1));
#22=DIRECTION('',(0.E0,1.E0,0.E0));
#23=DIRECTION('',(1.E0,0.E0,0.E0));
#24=AXIS2_PLACEMENT_3D('',#21,#22,#23);
#26=CARTESIAN_POINT('',(-9.7995E1,0.E0,1.2E1));
#27=DIRECTION('',(0.E0,1.E0,0.E0));
#28=DIRECTION('',(-1.E0,0.E0,0.E0));
#29=AXIS2_PLACEMENT_3D('',#26,#27,#28);
#31=CARTESIAN_POINT('',(9.7995E1,0.E0,1.2E1));
#32=DIRECTION('',(0.E0,1.E0,0.E0));
#33=DIRECTION('',(1.E0,0.E0,0.E0));
#34=AXIS2_PLACEMENT_3D('',#31,#32,#33);
#36=CARTESIAN_POINT('',(9.7995E1,0.E0,1.2E1));
#37=DIRECTION('',(0.E0,1.E0,0.E0));
#38=DIRECTION('',(-1.E0,0.E0,0.E0));
#39=AXIS2_PLACEMENT_3D('',#36,#37,#38);
#41=CARTESIAN_POINT('',(9.7995E1,0.E0,0.E0));
#42=DIRECTION('',(0.E0,1.E0,0.E0));
#43=DIRECTION('',(1.E0,0.E0,0.E0));
#44=AXIS2_PLACEMENT_3D('',#41,#42,#43);
#46=CARTESIAN_POINT('',(9.7995E1,0.E0,0.E0));
#47=DIRECTION('',(0.E0,1.E0,0.E0));
#48=DIRECTION('',(-1.E0,0.E0,0.E0));
#49=AXIS2_PLACEMENT_3D('',#46,#47,#48);
#51=CARTESIAN_POINT('',(-9.7995E1,0.E0,0.E0));
#52=DIRECTION('',(0.E0,1.E0,0.E0));
#53=DIRECTION('',(1.E0,0.E0,0.E0));
#54=AXIS2_PLACEMENT_3D('',#51,#52,#53);
#56=CARTESIAN_POINT('',(-9.7995E1,0.E0,0.E0));
#57=DIRECTION('',(0.E0,1.E0,0.E0));
#58=DIRECTION('',(-1.E0,0.E0,0.E0));
#59=AXIS2_PLACEMENT_3D('',#56,#57,#58);
#61=CARTESIAN_POINT('',(1.15E2,0.E0,-1.2E1));
#62=DIRECTION('',(0.E0,1.E0,0.E0));
#63=DIRECTION('',(1.E0,0.E0,0.E0));
#64=AXIS2_PLACEMENT_3D('',#61,#62,#63);
#66=CARTESIAN_POINT('',(1.15E2,0.E0,-1.2E1));
#67=DIRECTION('',(0.E0,1.E0,0.E0));
#68=DIRECTION('',(-1.E0,0.E0,0.E0));
#69=AXIS2_PLACEMENT_3D('',#66,#67,#68);
#71=CARTESIAN_POINT('',(1.15E2,0.E0,1.2E1));
#72=DIRECTION('',(0.E0,1.E0,0.E0));
#73=DIRECTION('',(1.E0,0.E0,0.E0));
#74=AXIS2_PLACEMENT_3D('',#71,#72,#73);
#76=CARTESIAN_POINT('',(1.15E2,0.E0,1.2E1));
#77=DIRECTION('',(0.E0,1.E0,0.E0));
#78=DIRECTION('',(-1.E0,0.E0,0.E0));
#79=AXIS2_PLACEMENT_3D('',#76,#77,#78);
#81=CARTESIAN_POINT('',(1.15E2,0.E0,0.E0));
#82=DIRECTION('',(0.E0,1.E0,0.E0));
#83=DIRECTION('',(1.E0,0.E0,0.E0));
#84=AXIS2_PLACEMENT_3D('',#81,#82,#83);
#86=CARTESIAN_POINT('',(1.15E2,0.E0,0.E0));
#87=DIRECTION('',(0.E0,1.E0,0.E0));
#88=DIRECTION('',(-1.E0,0.E0,0.E0));
#89=AXIS2_PLACEMENT_3D('',#86,#87,#88);
#91=CARTESIAN_POINT('',(-1.15E2,0.E0,-1.2E1));
#92=DIRECTION('',(0.E0,1.E0,0.E0));
#93=DIRECTION('',(1.E0,0.E0,0.E0));
#94=AXIS2_PLACEMENT_3D('',#91,#92,#93);
#96=CARTESIAN_POINT('',(-1.15E2,0.E0,-1.2E1));
#97=DIRECTION('',(0.E0,1.E0,0.E0));
#98=DIRECTION('',(-1.E0,0.E0,0.E0));
#99=AXIS2_PLACEMENT_3D('',#96,#97,#98);
#101=CARTESIAN_POINT('',(-1.15E2,0.E0,0.E0));
#102=DIRECTION('',(0.E0,1.E0,0.E0));
#103=DIRECTION('',(1.E0,0.E0,0.E0));
#104=AXIS2_PLACEMENT_3D('',#101,#102,#103);
#106=CARTESIAN_POINT('',(-1.15E2,0.E0,0.E0));
#107=DIRECTION('',(0.E0,1.E0,0.E0));
#108=DIRECTION('',(-1.E0,0.E0,0.E0));
#109=AXIS2_PLACEMENT_3D('',#106,#107,#108);
#111=CARTESIAN_POINT('',(-1.15E2,0.E0,1.2E1));
#112=DIRECTION('',(0.E0,1.E0,0.E0));
#113=DIRECTION('',(1.E0,0.E0,0.E0));
#114=AXIS2_PLACEMENT_3D('',#111,#112,#113);
#116=CARTESIAN_POINT('',(-1.15E2,0.E0,1.2E1));
#117=DIRECTION('',(0.E0,1.E0,0.E0));
#118=DIRECTION('',(-1.E0,0.E0,0.E0));
#119=AXIS2_PLACEMENT_3D('',#116,#117,#118);
#121=CARTESIAN_POINT('',(-2.35E0,0.E0,-2.825442443229E0));
#122=DIRECTION('',(0.E0,-1.E0,0.E0));
#123=DIRECTION('',(6.394557823152E-1,0.E0,7.688278757067E-1));
#124=AXIS2_PLACEMENT_3D('',#121,#122,#123);
#126=CARTESIAN_POINT('',(0.E0,0.E0,0.E0));
#127=DIRECTION('',(0.E0,1.E0,0.E0));
#128=DIRECTION('',(6.394557823126E-1,0.E0,-7.688278757089E-1));
#129=AXIS2_PLACEMENT_3D('',#126,#127,#128);
#131=CARTESIAN_POINT('',(2.35E0,0.E0,-2.825442443229E0));
#132=DIRECTION('',(0.E0,-1.E0,0.E0));
#133=DIRECTION('',(1.E0,0.E0,0.E0));
#134=AXIS2_PLACEMENT_3D('',#131,#132,#133);
#136=DIRECTION('',(0.E0,0.E0,1.E0));
#137=VECTOR('',#136,4.674557556771E0);
#138=CARTESIAN_POINT('',(2.85E0,0.E0,-7.5E0));
#139=LINE('',#138,#137);
#140=DIRECTION('',(-1.E0,0.E0,0.E0));
#141=VECTOR('',#140,9.85E0);
#142=CARTESIAN_POINT('',(1.27E1,0.E0,-7.5E0));
#143=LINE('',#142,#141);
#144=DIRECTION('',(0.E0,0.E0,-1.E0));
#145=VECTOR('',#144,1.5E1);
#146=CARTESIAN_POINT('',(1.27E1,0.E0,7.5E0));
#147=LINE('',#146,#145);
#148=DIRECTION('',(1.E0,0.E0,0.E0));
#149=VECTOR('',#148,9.85E0);
#150=CARTESIAN_POINT('',(2.85E0,0.E0,7.5E0));
#151=LINE('',#150,#149);
#152=DIRECTION('',(0.E0,0.E0,1.E0));
#153=VECTOR('',#152,4.674557556771E0);
#154=CARTESIAN_POINT('',(2.85E0,0.E0,2.825442443229E0));
#155=LINE('',#154,#153);
#156=CARTESIAN_POINT('',(2.35E0,0.E0,2.825442443229E0));
#157=DIRECTION('',(0.E0,-1.E0,0.E0));
#158=DIRECTION('',(-6.394557823152E-1,0.E0,-7.688278757067E-1));
#159=AXIS2_PLACEMENT_3D('',#156,#157,#158);
#161=CARTESIAN_POINT('',(0.E0,0.E0,0.E0));
#162=DIRECTION('',(0.E0,1.E0,0.E0));
#163=DIRECTION('',(-6.394557823126E-1,0.E0,7.688278757089E-1));
#164=AXIS2_PLACEMENT_3D('',#161,#162,#163);
#166=CARTESIAN_POINT('',(-2.35E0,0.E0,2.825442443229E0));
#167=DIRECTION('',(0.E0,-1.E0,0.E0));
#168=DIRECTION('',(-1.E0,0.E0,0.E0));
#169=AXIS2_PLACEMENT_3D('',#166,#167,#168);
#171=DIRECTION('',(0.E0,0.E0,-1.E0));
#172=VECTOR('',#171,4.674557556771E0);
#173=CARTESIAN_POINT('',(-2.85E0,0.E0,7.5E0));
#174=LINE('',#173,#172);
#175=DIRECTION('',(1.E0,0.E0,0.E0));
#176=VECTOR('',#175,9.85E0);
#177=CARTESIAN_POINT('',(-1.27E1,0.E0,7.5E0));
#178=LINE('',#177,#176);
#179=DIRECTION('',(0.E0,0.E0,1.E0));
#180=VECTOR('',#179,1.5E1);
#181=CARTESIAN_POINT('',(-1.27E1,0.E0,-7.5E0));
#182=LINE('',#181,#180);
#183=DIRECTION('',(-1.E0,0.E0,0.E0));
#184=VECTOR('',#183,9.85E0);
#185=CARTESIAN_POINT('',(-2.85E0,0.E0,-7.5E0));
#186=LINE('',#185,#184);
#187=DIRECTION('',(0.E0,0.E0,-1.E0));
#188=VECTOR('',#187,4.674557556771E0);
#189=CARTESIAN_POINT('',(-2.85E0,0.E0,-2.825442443229E0));
#190=LINE('',#189,#188);
#191=CARTESIAN_POINT('',(-3.E1,0.E0,-1.2E1));
#192=DIRECTION('',(0.E0,1.E0,0.E0));
#193=DIRECTION('',(1.E0,0.E0,0.E0));
#194=AXIS2_PLACEMENT_3D('',#191,#192,#193);
#196=CARTESIAN_POINT('',(-3.E1,0.E0,-1.2E1));
#197=DIRECTION('',(0.E0,1.E0,0.E0));
#198=DIRECTION('',(-1.E0,0.E0,0.E0));
#199=AXIS2_PLACEMENT_3D('',#196,#197,#198);
#201=CARTESIAN_POINT('',(3.E1,0.E0,-1.2E1));
#202=DIRECTION('',(0.E0,1.E0,0.E0));
#203=DIRECTION('',(1.E0,0.E0,0.E0));
#204=AXIS2_PLACEMENT_3D('',#201,#202,#203);
#206=CARTESIAN_POINT('',(3.E1,0.E0,-1.2E1));
#207=DIRECTION('',(0.E0,1.E0,0.E0));
#208=DIRECTION('',(-1.E0,0.E0,0.E0));
#209=AXIS2_PLACEMENT_3D('',#206,#207,#208);
#211=CARTESIAN_POINT('',(3.E1,0.E0,1.2E1));
#212=DIRECTION('',(0.E0,1.E0,0.E0));
#213=DIRECTION('',(1.E0,0.E0,0.E0));
#214=AXIS2_PLACEMENT_3D('',#211,#212,#213);
#216=CARTESIAN_POINT('',(3.E1,0.E0,1.2E1));
#217=DIRECTION('',(0.E0,1.E0,0.E0));
#218=DIRECTION('',(-1.E0,0.E0,0.E0));
#219=AXIS2_PLACEMENT_3D('',#216,#217,#218);
#221=CARTESIAN_POINT('',(-3.E1,0.E0,1.2E1));
#222=DIRECTION('',(0.E0,1.E0,0.E0));
#223=DIRECTION('',(1.E0,0.E0,0.E0));
#224=AXIS2_PLACEMENT_3D('',#221,#222,#223);
#226=CARTESIAN_POINT('',(-3.E1,0.E0,1.2E1));
#227=DIRECTION('',(0.E0,1.E0,0.E0));
#228=DIRECTION('',(-1.E0,0.E0,0.E0));
#229=AXIS2_PLACEMENT_3D('',#226,#227,#228);
#231=DIRECTION('',(-7.071067811865E-1,0.E0,7.071067811865E-1));
#232=VECTOR('',#231,2.121320343560E0);
#233=CARTESIAN_POINT('',(1.225E2,0.E0,-7.5E0));
#234=LINE('',#233,#232);
#235=DIRECTION('',(0.E0,0.E0,-1.E0));
#236=VECTOR('',#235,2.5E0);
#237=CARTESIAN_POINT('',(1.225E2,0.E0,-7.5E0));
#238=LINE('',#237,#236);
#239=CARTESIAN_POINT('',(1.225E2,0.E0,-1.E1));
#240=CARTESIAN_POINT('',(1.225E2,0.E0,-1.125E1));
#241=CARTESIAN_POINT('',(1.222761630747E2,0.E0,-1.352616307465E1));
#242=CARTESIAN_POINT('',(1.215860375880E2,0.E0,-1.596103758800E1));
#243=CARTESIAN_POINT('',(1.207665965573E2,0.E0,-1.764159655730E1));
#244=CARTESIAN_POINT('',(1.199955528902E2,0.E0,-1.874555289021E1));
#245=CARTESIAN_POINT('',(1.189997873431E2,0.E0,-1.962478734313E1));
#246=CARTESIAN_POINT('',(1.18125E2,0.E0,-2.E1));
#247=CARTESIAN_POINT('',(1.175E2,0.E0,-2.E1));
#249=DIRECTION('',(-1.E0,0.E0,0.E0));
#250=VECTOR('',#249,2.35E2);
#251=CARTESIAN_POINT('',(1.175E2,0.E0,-2.E1));
#252=LINE('',#251,#250);
#253=CARTESIAN_POINT('',(-1.175E2,0.E0,-2.E1));
#254=CARTESIAN_POINT('',(-1.18125E2,0.E0,-2.E1));
#255=CARTESIAN_POINT('',(-1.189997873431E2,0.E0,-1.962478734313E1));
#256=CARTESIAN_POINT('',(-1.199955528902E2,0.E0,-1.874555289021E1));
#257=CARTESIAN_POINT('',(-1.207665965573E2,0.E0,-1.764159655730E1));
#258=CARTESIAN_POINT('',(-1.215860375880E2,0.E0,-1.596103758800E1));
#259=CARTESIAN_POINT('',(-1.222761630747E2,0.E0,-1.352616307465E1));
#260=CARTESIAN_POINT('',(-1.225E2,0.E0,-1.125E1));
#261=CARTESIAN_POINT('',(-1.225E2,0.E0,-1.E1));
#263=DIRECTION('',(0.E0,0.E0,1.E0));
#264=VECTOR('',#263,2.5E0);
#265=CARTESIAN_POINT('',(-1.225E2,0.E0,-1.E1));
#266=LINE('',#265,#264);
#267=DIRECTION('',(-7.071067811865E-1,0.E0,-7.071067811865E-1));
#268=VECTOR('',#267,2.121320343560E0);
#269=CARTESIAN_POINT('',(-1.21E2,0.E0,-6.E0));
#270=LINE('',#269,#268);
#271=DIRECTION('',(0.E0,0.E0,-1.E0));
#272=VECTOR('',#271,1.2E1);
#273=CARTESIAN_POINT('',(-1.21E2,0.E0,6.E0));
#274=LINE('',#273,#272);
#275=DIRECTION('',(7.071067811865E-1,0.E0,-7.071067811865E-1));
#276=VECTOR('',#275,2.121320343560E0);
#277=CARTESIAN_POINT('',(-1.225E2,0.E0,7.5E0));
#278=LINE('',#277,#276);
#279=DIRECTION('',(1.136868377216E-14,0.E0,1.E0));
#280=VECTOR('',#279,2.5E0);
#281=CARTESIAN_POINT('',(-1.225E2,0.E0,7.5E0));
#282=LINE('',#281,#280);
#283=CARTESIAN_POINT('',(-1.225E2,0.E0,1.E1));
#284=CARTESIAN_POINT('',(-1.225E2,0.E0,1.125E1));
#285=CARTESIAN_POINT('',(-1.222761630747E2,0.E0,1.352616307465E1));
#286=CARTESIAN_POINT('',(-1.215860375880E2,0.E0,1.596103758800E1));
#287=CARTESIAN_POINT('',(-1.207665965573E2,0.E0,1.764159655730E1));
#288=CARTESIAN_POINT('',(-1.199955528902E2,0.E0,1.874555289022E1));
#289=CARTESIAN_POINT('',(-1.189997873431E2,0.E0,1.962478734313E1));
#290=CARTESIAN_POINT('',(-1.18125E2,0.E0,2.E1));
#291=CARTESIAN_POINT('',(-1.175E2,0.E0,2.E1));
#293=DIRECTION('',(1.E0,0.E0,0.E0));
#294=VECTOR('',#293,2.35E2);
#295=CARTESIAN_POINT('',(-1.175E2,0.E0,2.E1));
#296=LINE('',#295,#294);
#297=CARTESIAN_POINT('',(1.175E2,0.E0,2.E1));
#298=CARTESIAN_POINT('',(1.18125E2,0.E0,2.E1));
#299=CARTESIAN_POINT('',(1.189997873431E2,0.E0,1.962478734313E1));
#300=CARTESIAN_POINT('',(1.199955528902E2,0.E0,1.874555289021E1));
#301=CARTESIAN_POINT('',(1.207665965573E2,0.E0,1.764159655730E1));
#302=CARTESIAN_POINT('',(1.215860375880E2,0.E0,1.596103758800E1));
#303=CARTESIAN_POINT('',(1.222761630747E2,0.E0,1.352616307465E1));
#304=CARTESIAN_POINT('',(1.225E2,0.E0,1.125E1));
#305=CARTESIAN_POINT('',(1.225E2,0.E0,1.E1));
#307=DIRECTION('',(0.E0,0.E0,-1.E0));
#308=VECTOR('',#307,2.5E0);
#309=CARTESIAN_POINT('',(1.225E2,0.E0,1.E1));
#310=LINE('',#309,#308);
#311=DIRECTION('',(7.071067811865E-1,0.E0,7.071067811865E-1));
#312=VECTOR('',#311,2.121320343560E0);
#313=CARTESIAN_POINT('',(1.21E2,0.E0,6.E0));
#314=LINE('',#313,#312);
#315=DIRECTION('',(0.E0,0.E0,1.E0));
#316=VECTOR('',#315,1.2E1);
#317=CARTESIAN_POINT('',(1.21E2,0.E0,-6.E0));
#318=LINE('',#317,#316);
#319=DIRECTION('',(0.E0,-1.E0,0.E0));
#320=VECTOR('',#319,6.4E0);
#321=CARTESIAN_POINT('',(9.9545E1,6.4E0,-1.2E1));
#322=LINE('',#321,#320);
#323=DIRECTION('',(0.E0,-1.E0,0.E0));
#324=VECTOR('',#323,6.4E0);
#325=CARTESIAN_POINT('',(9.6445E1,6.4E0,-1.2E1));
#326=LINE('',#325,#324);
#327=CARTESIAN_POINT('',(9.7995E1,6.4E0,-1.2E1));
#328=DIRECTION('',(0.E0,1.E0,0.E0));
#329=DIRECTION('',(1.E0,0.E0,0.E0));
#330=AXIS2_PLACEMENT_3D('',#327,#328,#329);
#332=CARTESIAN_POINT('',(9.7995E1,6.4E0,-1.2E1));
#333=DIRECTION('',(0.E0,1.E0,0.E0));
#334=DIRECTION('',(-1.E0,0.E0,0.E0));
#335=AXIS2_PLACEMENT_3D('',#332,#333,#334);
#337=CARTESIAN_POINT('',(-9.7995E1,6.4E0,-1.2E1));
#338=DIRECTION('',(0.E0,1.E0,0.E0));
#339=DIRECTION('',(1.E0,0.E0,0.E0));
#340=AXIS2_PLACEMENT_3D('',#337,#338,#339);
#342=CARTESIAN_POINT('',(-9.7995E1,6.4E0,-1.2E1));
#343=DIRECTION('',(0.E0,1.E0,0.E0));
#344=DIRECTION('',(-1.E0,0.E0,0.E0));
#345=AXIS2_PLACEMENT_3D('',#342,#343,#344);
#347=CARTESIAN_POINT('',(-9.7995E1,6.4E0,1.2E1));
#348=DIRECTION('',(0.E0,1.E0,0.E0));
#349=DIRECTION('',(1.E0,0.E0,0.E0));
#350=AXIS2_PLACEMENT_3D('',#347,#348,#349);
#352=CARTESIAN_POINT('',(-9.7995E1,6.4E0,1.2E1));
#353=DIRECTION('',(0.E0,1.E0,0.E0));
#354=DIRECTION('',(-1.E0,0.E0,0.E0));
#355=AXIS2_PLACEMENT_3D('',#352,#353,#354);
#357=CARTESIAN_POINT('',(9.7995E1,6.4E0,1.2E1));
#358=DIRECTION('',(0.E0,1.E0,0.E0));
#359=DIRECTION('',(1.E0,0.E0,0.E0));
#360=AXIS2_PLACEMENT_3D('',#357,#358,#359);
#362=CARTESIAN_POINT('',(9.7995E1,6.4E0,1.2E1));
#363=DIRECTION('',(0.E0,1.E0,0.E0));
#364=DIRECTION('',(-1.E0,0.E0,0.E0));
#365=AXIS2_PLACEMENT_3D('',#362,#363,#364);
#367=CARTESIAN_POINT('',(9.7995E1,6.4E0,0.E0));
#368=DIRECTION('',(0.E0,1.E0,0.E0));
#369=DIRECTION('',(1.E0,0.E0,0.E0));
#370=AXIS2_PLACEMENT_3D('',#367,#368,#369);
#372=CARTESIAN_POINT('',(9.7995E1,6.4E0,0.E0));
#373=DIRECTION('',(0.E0,1.E0,0.E0));
#374=DIRECTION('',(-1.E0,0.E0,0.E0));
#375=AXIS2_PLACEMENT_3D('',#372,#373,#374);
#377=CARTESIAN_POINT('',(-9.7995E1,6.4E0,0.E0));
#378=DIRECTION('',(0.E0,1.E0,0.E0));
#379=DIRECTION('',(1.E0,0.E0,0.E0));
#380=AXIS2_PLACEMENT_3D('',#377,#378,#379);
#382=CARTESIAN_POINT('',(-9.7995E1,6.4E0,0.E0));
#383=DIRECTION('',(0.E0,1.E0,0.E0));
#384=DIRECTION('',(-1.E0,0.E0,0.E0));
#385=AXIS2_PLACEMENT_3D('',#382,#383,#384);
#387=CARTESIAN_POINT('',(1.15E2,6.4E0,-1.2E1));
#388=DIRECTION('',(0.E0,1.E0,0.E0));
#389=DIRECTION('',(1.E0,0.E0,0.E0));
#390=AXIS2_PLACEMENT_3D('',#387,#388,#389);
#392=CARTESIAN_POINT('',(1.15E2,6.4E0,-1.2E1));
#393=DIRECTION('',(0.E0,1.E0,0.E0));
#394=DIRECTION('',(-1.E0,0.E0,0.E0));
#395=AXIS2_PLACEMENT_3D('',#392,#393,#394);
#397=CARTESIAN_POINT('',(1.15E2,6.4E0,1.2E1));
#398=DIRECTION('',(0.E0,1.E0,0.E0));
#399=DIRECTION('',(1.E0,0.E0,0.E0));
#400=AXIS2_PLACEMENT_3D('',#397,#398,#399);
#402=CARTESIAN_POINT('',(1.15E2,6.4E0,1.2E1));
#403=DIRECTION('',(0.E0,1.E0,0.E0));
#404=DIRECTION('',(-1.E0,0.E0,0.E0));
#405=AXIS2_PLACEMENT_3D('',#402,#403,#404);
#407=CARTESIAN_POINT('',(1.15E2,6.4E0,0.E0));
#408=DIRECTION('',(0.E0,1.E0,0.E0));
#409=DIRECTION('',(1.E0,0.E0,0.E0));
#410=AXIS2_PLACEMENT_3D('',#407,#408,#409);
#412=CARTESIAN_POINT('',(1.15E2,6.4E0,0.E0));
#413=DIRECTION('',(0.E0,1.E0,0.E0));
#414=DIRECTION('',(-1.E0,0.E0,0.E0));
#415=AXIS2_PLACEMENT_3D('',#412,#413,#414);
#417=CARTESIAN_POINT('',(-1.15E2,6.4E0,-1.2E1));
#418=DIRECTION('',(0.E0,1.E0,0.E0));
#419=DIRECTION('',(1.E0,0.E0,0.E0));
#420=AXIS2_PLACEMENT_3D('',#417,#418,#419);
#422=CARTESIAN_POINT('',(-1.15E2,6.4E0,-1.2E1));
#423=DIRECTION('',(0.E0,1.E0,0.E0));
#424=DIRECTION('',(-1.E0,0.E0,0.E0));
#425=AXIS2_PLACEMENT_3D('',#422,#423,#424);
#427=CARTESIAN_POINT('',(-1.15E2,6.4E0,0.E0));
#428=DIRECTION('',(0.E0,1.E0,0.E0));
#429=DIRECTION('',(1.E0,0.E0,0.E0));
#430=AXIS2_PLACEMENT_3D('',#427,#428,#429);
#432=CARTESIAN_POINT('',(-1.15E2,6.4E0,0.E0));
#433=DIRECTION('',(0.E0,1.E0,0.E0));
#434=DIRECTION('',(-1.E0,0.E0,0.E0));
#435=AXIS2_PLACEMENT_3D('',#432,#433,#434);
#437=CARTESIAN_POINT('',(-1.15E2,6.4E0,1.2E1));
#438=DIRECTION('',(0.E0,1.E0,0.E0));
#439=DIRECTION('',(1.E0,0.E0,0.E0));
#440=AXIS2_PLACEMENT_3D('',#437,#438,#439);
#442=CARTESIAN_POINT('',(-1.15E2,6.4E0,1.2E1));
#443=DIRECTION('',(0.E0,1.E0,0.E0));
#444=DIRECTION('',(-1.E0,0.E0,0.E0));
#445=AXIS2_PLACEMENT_3D('',#442,#443,#444);
#447=CARTESIAN_POINT('',(-2.35E0,6.4E0,-2.825442443229E0));
#448=DIRECTION('',(0.E0,1.E0,0.E0));
#449=DIRECTION('',(-1.E0,0.E0,0.E0));
#450=AXIS2_PLACEMENT_3D('',#447,#448,#449);
#452=DIRECTION('',(0.E0,0.E0,-1.E0));
#453=VECTOR('',#452,4.674557556771E0);
#454=CARTESIAN_POINT('',(-2.85E0,6.4E0,-2.825442443229E0));
#455=LINE('',#454,#453);
#456=DIRECTION('',(-1.E0,0.E0,0.E0));
#457=VECTOR('',#456,9.85E0);
#458=CARTESIAN_POINT('',(-2.85E0,6.4E0,-7.5E0));
#459=LINE('',#458,#457);
#460=DIRECTION('',(0.E0,0.E0,1.E0));
#461=VECTOR('',#460,1.5E1);
#462=CARTESIAN_POINT('',(-1.27E1,6.4E0,-7.5E0));
#463=LINE('',#462,#461);
#464=DIRECTION('',(1.E0,0.E0,0.E0));
#465=VECTOR('',#464,9.85E0);
#466=CARTESIAN_POINT('',(-1.27E1,6.4E0,7.5E0));
#467=LINE('',#466,#465);
#468=DIRECTION('',(0.E0,0.E0,-1.E0));
#469=VECTOR('',#468,4.674557556771E0);
#470=CARTESIAN_POINT('',(-2.85E0,6.4E0,7.5E0));
#471=LINE('',#470,#469);
#472=CARTESIAN_POINT('',(-2.35E0,6.4E0,2.825442443229E0));
#473=DIRECTION('',(0.E0,1.E0,0.E0));
#474=DIRECTION('',(6.394557823152E-1,0.E0,-7.688278757067E-1));
#475=AXIS2_PLACEMENT_3D('',#472,#473,#474);
#477=CARTESIAN_POINT('',(0.E0,6.4E0,0.E0));
#478=DIRECTION('',(0.E0,1.E0,0.E0));
#479=DIRECTION('',(-6.394557823126E-1,0.E0,7.688278757089E-1));
#480=AXIS2_PLACEMENT_3D('',#477,#478,#479);
#482=CARTESIAN_POINT('',(2.35E0,6.4E0,2.825442443229E0));
#483=DIRECTION('',(0.E0,1.E0,0.E0));
#484=DIRECTION('',(1.E0,0.E0,0.E0));
#485=AXIS2_PLACEMENT_3D('',#482,#483,#484);
#487=DIRECTION('',(0.E0,0.E0,1.E0));
#488=VECTOR('',#487,4.674557556771E0);
#489=CARTESIAN_POINT('',(2.85E0,6.4E0,2.825442443229E0));
#490=LINE('',#489,#488);
#491=DIRECTION('',(1.E0,0.E0,0.E0));
#492=VECTOR('',#491,9.85E0);
#493=CARTESIAN_POINT('',(2.85E0,6.4E0,7.5E0));
#494=LINE('',#493,#492);
#495=DIRECTION('',(0.E0,0.E0,-1.E0));
#496=VECTOR('',#495,1.5E1);
#497=CARTESIAN_POINT('',(1.27E1,6.4E0,7.5E0));
#498=LINE('',#497,#496);
#499=DIRECTION('',(-1.E0,0.E0,0.E0));
#500=VECTOR('',#499,9.85E0);
#501=CARTESIAN_POINT('',(1.27E1,6.4E0,-7.5E0));
#502=LINE('',#501,#500);
#503=DIRECTION('',(0.E0,0.E0,1.E0));
#504=VECTOR('',#503,4.674557556771E0);
#505=CARTESIAN_POINT('',(2.85E0,6.4E0,-7.5E0));
#506=LINE('',#505,#504);
#507=CARTESIAN_POINT('',(2.35E0,6.4E0,-2.825442443229E0));
#508=DIRECTION('',(0.E0,1.E0,0.E0));
#509=DIRECTION('',(-6.394557823152E-1,0.E0,7.688278757067E-1));
#510=AXIS2_PLACEMENT_3D('',#507,#508,#509);
#512=CARTESIAN_POINT('',(0.E0,6.4E0,0.E0));
#513=DIRECTION('',(0.E0,1.E0,0.E0));
#514=DIRECTION('',(6.394557823126E-1,0.E0,-7.688278757089E-1));
#515=AXIS2_PLACEMENT_3D('',#512,#513,#514);
#517=CARTESIAN_POINT('',(-3.E1,6.4E0,-1.2E1));
#518=DIRECTION('',(0.E0,1.E0,0.E0));
#519=DIRECTION('',(1.E0,0.E0,0.E0));
#520=AXIS2_PLACEMENT_3D('',#517,#518,#519);
#522=CARTESIAN_POINT('',(-3.E1,6.4E0,-1.2E1));
#523=DIRECTION('',(0.E0,1.E0,0.E0));
#524=DIRECTION('',(-1.E0,0.E0,0.E0));
#525=AXIS2_PLACEMENT_3D('',#522,#523,#524);
#527=CARTESIAN_POINT('',(3.E1,6.4E0,-1.2E1));
#528=DIRECTION('',(0.E0,1.E0,0.E0));
#529=DIRECTION('',(1.E0,0.E0,0.E0));
#530=AXIS2_PLACEMENT_3D('',#527,#528,#529);
#532=CARTESIAN_POINT('',(3.E1,6.4E0,-1.2E1));
#533=DIRECTION('',(0.E0,1.E0,0.E0));
#534=DIRECTION('',(-1.E0,0.E0,0.E0));
#535=AXIS2_PLACEMENT_3D('',#532,#533,#534);
#537=CARTESIAN_POINT('',(3.E1,6.4E0,1.2E1));
#538=DIRECTION('',(0.E0,1.E0,0.E0));
#539=DIRECTION('',(1.E0,0.E0,0.E0));
#540=AXIS2_PLACEMENT_3D('',#537,#538,#539);
#542=CARTESIAN_POINT('',(3.E1,6.4E0,1.2E1));
#543=DIRECTION('',(0.E0,1.E0,0.E0));
#544=DIRECTION('',(-1.E0,0.E0,0.E0));
#545=AXIS2_PLACEMENT_3D('',#542,#543,#544);
#547=CARTESIAN_POINT('',(-3.E1,6.4E0,1.2E1));
#548=DIRECTION('',(0.E0,1.E0,0.E0));
#549=DIRECTION('',(1.E0,0.E0,0.E0));
#550=AXIS2_PLACEMENT_3D('',#547,#548,#549);
#552=CARTESIAN_POINT('',(-3.E1,6.4E0,1.2E1));
#553=DIRECTION('',(0.E0,1.E0,0.E0));
#554=DIRECTION('',(-1.E0,0.E0,0.E0));
#555=AXIS2_PLACEMENT_3D('',#552,#553,#554);
#557=DIRECTION('',(7.071067811865E-1,0.E0,-7.071067811865E-1));
#558=VECTOR('',#557,2.121320343560E0);
#559=CARTESIAN_POINT('',(1.21E2,6.4E0,-6.E0));
#560=LINE('',#559,#558);
#561=DIRECTION('',(0.E0,0.E0,1.E0));
#562=VECTOR('',#561,1.2E1);
#563=CARTESIAN_POINT('',(1.21E2,6.4E0,-6.E0));
#564=LINE('',#563,#562);
#565=DIRECTION('',(-7.071067811865E-1,0.E0,-7.071067811865E-1));
#566=VECTOR('',#565,2.121320343560E0);
#567=CARTESIAN_POINT('',(1.225E2,6.4E0,7.5E0));
#568=LINE('',#567,#566);
#569=DIRECTION('',(0.E0,0.E0,-1.E0));
#570=VECTOR('',#569,2.5E0);
#571=CARTESIAN_POINT('',(1.225E2,6.4E0,1.E1));
#572=LINE('',#571,#570);
#573=CARTESIAN_POINT('',(1.175E2,6.4E0,2.E1));
#574=CARTESIAN_POINT('',(1.18125E2,6.4E0,2.E1));
#575=CARTESIAN_POINT('',(1.189997873431E2,6.4E0,1.962478734313E1));
#576=CARTESIAN_POINT('',(1.199955528902E2,6.4E0,1.874555289021E1));
#577=CARTESIAN_POINT('',(1.207665965573E2,6.4E0,1.764159655730E1));
#578=CARTESIAN_POINT('',(1.215860375880E2,6.4E0,1.596103758800E1));
#579=CARTESIAN_POINT('',(1.222761630747E2,6.4E0,1.352616307465E1));
#580=CARTESIAN_POINT('',(1.225E2,6.4E0,1.125E1));
#581=CARTESIAN_POINT('',(1.225E2,6.4E0,1.E1));
#583=DIRECTION('',(1.E0,0.E0,0.E0));
#584=VECTOR('',#583,2.35E2);
#585=CARTESIAN_POINT('',(-1.175E2,6.4E0,2.E1));
#586=LINE('',#585,#584);
#587=CARTESIAN_POINT('',(-1.225E2,6.4E0,1.E1));
#588=CARTESIAN_POINT('',(-1.225E2,6.4E0,1.125E1));
#589=CARTESIAN_POINT('',(-1.222761630747E2,6.4E0,1.352616307465E1));
#590=CARTESIAN_POINT('',(-1.215860375880E2,6.4E0,1.596103758800E1));
#591=CARTESIAN_POINT('',(-1.207665965573E2,6.4E0,1.764159655730E1));
#592=CARTESIAN_POINT('',(-1.199955528902E2,6.4E0,1.874555289022E1));
#593=CARTESIAN_POINT('',(-1.189997873431E2,6.4E0,1.962478734313E1));
#594=CARTESIAN_POINT('',(-1.18125E2,6.4E0,2.E1));
#595=CARTESIAN_POINT('',(-1.175E2,6.4E0,2.E1));
#597=DIRECTION('',(0.E0,0.E0,1.E0));
#598=VECTOR('',#597,2.5E0);
#599=CARTESIAN_POINT('',(-1.225E2,6.4E0,7.5E0));
#600=LINE('',#599,#598);
#601=DIRECTION('',(-7.071067811865E-1,0.E0,7.071067811865E-1));
#602=VECTOR('',#601,2.121320343560E0);
#603=CARTESIAN_POINT('',(-1.21E2,6.4E0,6.E0));
#604=LINE('',#603,#602);
#605=DIRECTION('',(0.E0,0.E0,-1.E0));
#606=VECTOR('',#605,1.2E1);
#607=CARTESIAN_POINT('',(-1.21E2,6.4E0,6.E0));
#608=LINE('',#607,#606);
#609=DIRECTION('',(7.071067811865E-1,0.E0,7.071067811865E-1));
#610=VECTOR('',#609,2.121320343560E0);
#611=CARTESIAN_POINT('',(-1.225E2,6.4E0,-7.5E0));
#612=LINE('',#611,#610);
#613=DIRECTION('',(0.E0,0.E0,1.E0));
#614=VECTOR('',#613,2.5E0);
#615=CARTESIAN_POINT('',(-1.225E2,6.4E0,-1.E1));
#616=LINE('',#615,#614);
#617=CARTESIAN_POINT('',(-1.175E2,6.4E0,-2.E1));
#618=CARTESIAN_POINT('',(-1.18125E2,6.4E0,-2.E1));
#619=CARTESIAN_POINT('',(-1.189997873431E2,6.4E0,-1.962478734313E1));
#620=CARTESIAN_POINT('',(-1.199955528902E2,6.4E0,-1.874555289021E1));
#621=CARTESIAN_POINT('',(-1.207665965573E2,6.4E0,-1.764159655730E1));
#622=CARTESIAN_POINT('',(-1.215860375880E2,6.4E0,-1.596103758800E1));
#623=CARTESIAN_POINT('',(-1.222761630747E2,6.4E0,-1.352616307465E1));
#624=CARTESIAN_POINT('',(-1.225E2,6.4E0,-1.125E1));
#625=CARTESIAN_POINT('',(-1.225E2,6.4E0,-1.E1));
#627=DIRECTION('',(-1.E0,0.E0,0.E0));
#628=VECTOR('',#627,2.35E2);
#629=CARTESIAN_POINT('',(1.175E2,6.4E0,-2.E1));
#630=LINE('',#629,#628);
#631=CARTESIAN_POINT('',(1.225E2,6.4E0,-1.E1));
#632=CARTESIAN_POINT('',(1.225E2,6.4E0,-1.125E1));
#633=CARTESIAN_POINT('',(1.222761630747E2,6.4E0,-1.352616307465E1));
#634=CARTESIAN_POINT('',(1.215860375880E2,6.4E0,-1.596103758800E1));
#635=CARTESIAN_POINT('',(1.207665965573E2,6.4E0,-1.764159655730E1));
#636=CARTESIAN_POINT('',(1.199955528902E2,6.4E0,-1.874555289021E1));
#637=CARTESIAN_POINT('',(1.189997873431E2,6.4E0,-1.962478734313E1));
#638=CARTESIAN_POINT('',(1.18125E2,6.4E0,-2.E1));
#639=CARTESIAN_POINT('',(1.175E2,6.4E0,-2.E1));
#641=DIRECTION('',(0.E0,0.E0,-1.E0));
#642=VECTOR('',#641,2.5E0);
#643=CARTESIAN_POINT('',(1.225E2,6.4E0,-7.5E0));
#644=LINE('',#643,#642);
#645=DIRECTION('',(0.E0,-1.E0,0.E0));
#646=VECTOR('',#645,6.4E0);
#647=CARTESIAN_POINT('',(-9.6445E1,6.4E0,-1.2E1));
#648=LINE('',#647,#646);
#649=DIRECTION('',(0.E0,-1.E0,0.E0));
#650=VECTOR('',#649,6.4E0);
#651=CARTESIAN_POINT('',(-9.9545E1,6.4E0,-1.2E1));
#652=LINE('',#651,#650);
#653=DIRECTION('',(0.E0,-1.E0,0.E0));
#654=VECTOR('',#653,6.4E0);
#655=CARTESIAN_POINT('',(-9.6445E1,6.4E0,1.2E1));
#656=LINE('',#655,#654);
#657=DIRECTION('',(0.E0,-1.E0,0.E0));
#658=VECTOR('',#657,6.4E0);
#659=CARTESIAN_POINT('',(-9.9545E1,6.4E0,1.2E1));
#660=LINE('',#659,#658);
#661=DIRECTION('',(0.E0,-1.E0,0.E0));
#662=VECTOR('',#661,6.4E0);
#663=CARTESIAN_POINT('',(9.9545E1,6.4E0,1.2E1));
#664=LINE('',#663,#662);
#665=DIRECTION('',(0.E0,-1.E0,0.E0));
#666=VECTOR('',#665,6.4E0);
#667=CARTESIAN_POINT('',(9.6445E1,6.4E0,1.2E1));
#668=LINE('',#667,#666);
#669=DIRECTION('',(0.E0,-1.E0,0.E0));
#670=VECTOR('',#669,6.4E0);
#671=CARTESIAN_POINT('',(9.99E1,6.4E0,0.E0));
#672=LINE('',#671,#670);
#673=DIRECTION('',(0.E0,-1.E0,0.E0));
#674=VECTOR('',#673,6.4E0);
#675=CARTESIAN_POINT('',(9.609E1,6.4E0,0.E0));
#676=LINE('',#675,#674);
#677=DIRECTION('',(0.E0,-1.E0,0.E0));
#678=VECTOR('',#677,6.4E0);
#679=CARTESIAN_POINT('',(-9.609E1,6.4E0,0.E0));
#680=LINE('',#679,#678);
#681=DIRECTION('',(0.E0,-1.E0,0.E0));
#682=VECTOR('',#681,6.4E0);
#683=CARTESIAN_POINT('',(-9.99E1,6.4E0,0.E0));
#684=LINE('',#683,#682);
#685=DIRECTION('',(0.E0,-1.E0,0.E0));
#686=VECTOR('',#685,6.4E0);
#687=CARTESIAN_POINT('',(1.1655E2,6.4E0,-1.2E1));
#688=LINE('',#687,#686);
#689=DIRECTION('',(0.E0,-1.E0,0.E0));
#690=VECTOR('',#689,6.4E0);
#691=CARTESIAN_POINT('',(1.1345E2,6.4E0,-1.2E1));
#692=LINE('',#691,#690);
#693=DIRECTION('',(0.E0,-1.E0,0.E0));
#694=VECTOR('',#693,6.4E0);
#695=CARTESIAN_POINT('',(1.1655E2,6.4E0,1.2E1));
#696=LINE('',#695,#694);
#697=DIRECTION('',(0.E0,-1.E0,0.E0));
#698=VECTOR('',#697,6.4E0);
#699=CARTESIAN_POINT('',(1.1345E2,6.4E0,1.2E1));
#700=LINE('',#699,#698);
#701=DIRECTION('',(0.E0,-1.E0,0.E0));
#702=VECTOR('',#701,6.4E0);
#703=CARTESIAN_POINT('',(1.16905E2,6.4E0,0.E0));
#704=LINE('',#703,#702);
#705=DIRECTION('',(0.E0,-1.E0,0.E0));
#706=VECTOR('',#705,6.4E0);
#707=CARTESIAN_POINT('',(1.13095E2,6.4E0,0.E0));
#708=LINE('',#707,#706);
#709=DIRECTION('',(0.E0,-1.E0,0.E0));
#710=VECTOR('',#709,6.4E0);
#711=CARTESIAN_POINT('',(-1.1345E2,6.4E0,-1.2E1));
#712=LINE('',#711,#710);
#713=DIRECTION('',(0.E0,-1.E0,0.E0));
#714=VECTOR('',#713,6.4E0);
#715=CARTESIAN_POINT('',(-1.1655E2,6.4E0,-1.2E1));
#716=LINE('',#715,#714);
#717=DIRECTION('',(0.E0,-1.E0,0.E0));
#718=VECTOR('',#717,6.4E0);
#719=CARTESIAN_POINT('',(-1.13095E2,6.4E0,0.E0));
#720=LINE('',#719,#718);
#721=DIRECTION('',(0.E0,-1.E0,0.E0));
#722=VECTOR('',#721,6.4E0);
#723=CARTESIAN_POINT('',(-1.16905E2,6.4E0,0.E0));
#724=LINE('',#723,#722);
#725=DIRECTION('',(0.E0,-1.E0,0.E0));
#726=VECTOR('',#725,6.4E0);
#727=CARTESIAN_POINT('',(-1.1345E2,6.4E0,1.2E1));
#728=LINE('',#727,#726);
#729=DIRECTION('',(0.E0,-1.E0,0.E0));
#730=VECTOR('',#729,6.4E0);
#731=CARTESIAN_POINT('',(-1.1655E2,6.4E0,1.2E1));
#732=LINE('',#731,#730);
#733=DIRECTION('',(0.E0,1.E0,0.E0));
#734=VECTOR('',#733,6.4E0);
#735=CARTESIAN_POINT('',(-2.030272108843E0,0.E0,-2.441028505375E0));
#736=LINE('',#735,#734);
#737=DIRECTION('',(0.E0,-1.E0,0.E0));
#738=VECTOR('',#737,6.4E0);
#739=CARTESIAN_POINT('',(2.030272108843E0,6.4E0,-2.441028505375E0));
#740=LINE('',#739,#738);
#741=DIRECTION('',(0.E0,-1.E0,0.E0));
#742=VECTOR('',#741,6.4E0);
#743=CARTESIAN_POINT('',(2.85E0,6.4E0,-2.825442443229E0));
#744=LINE('',#743,#742);
#745=DIRECTION('',(0.E0,-1.E0,0.E0));
#746=VECTOR('',#745,6.4E0);
#747=CARTESIAN_POINT('',(2.85E0,6.4E0,-7.5E0));
#748=LINE('',#747,#746);
#749=DIRECTION('',(0.E0,1.E0,0.E0));
#750=VECTOR('',#749,6.4E0);
#751=CARTESIAN_POINT('',(2.85E0,0.E0,2.825442443229E0));
#752=LINE('',#751,#750);
#753=DIRECTION('',(0.E0,-1.E0,0.E0));
#754=VECTOR('',#753,6.4E0);
#755=CARTESIAN_POINT('',(1.27E1,6.4E0,-7.5E0));
#756=LINE('',#755,#754);
#757=DIRECTION('',(0.E0,-1.E0,0.E0));
#758=VECTOR('',#757,6.4E0);
#759=CARTESIAN_POINT('',(1.27E1,6.4E0,7.5E0));
#760=LINE('',#759,#758);
#761=DIRECTION('',(0.E0,-1.E0,0.E0));
#762=VECTOR('',#761,6.4E0);
#763=CARTESIAN_POINT('',(2.85E0,6.4E0,7.5E0));
#764=LINE('',#763,#762);
#765=DIRECTION('',(0.E0,1.E0,0.E0));
#766=VECTOR('',#765,6.4E0);
#767=CARTESIAN_POINT('',(2.030272108843E0,0.E0,2.441028505375E0));
#768=LINE('',#767,#766);
#769=DIRECTION('',(0.E0,-1.E0,0.E0));
#770=VECTOR('',#769,6.4E0);
#771=CARTESIAN_POINT('',(-2.030272108843E0,6.4E0,2.441028505375E0));
#772=LINE('',#771,#770);
#773=DIRECTION('',(0.E0,1.E0,0.E0));
#774=VECTOR('',#773,6.4E0);
#775=CARTESIAN_POINT('',(-2.85E0,0.E0,-2.825442443229E0));
#776=LINE('',#775,#774);
#777=DIRECTION('',(0.E0,-1.E0,0.E0));
#778=VECTOR('',#777,6.4E0);
#779=CARTESIAN_POINT('',(-2.85E0,6.4E0,2.825442443229E0));
#780=LINE('',#779,#778);
#781=DIRECTION('',(0.E0,-1.E0,0.E0));
#782=VECTOR('',#781,6.4E0);
#783=CARTESIAN_POINT('',(-2.85E0,6.4E0,7.5E0));
#784=LINE('',#783,#782);
#785=DIRECTION('',(0.E0,-1.E0,0.E0));
#786=VECTOR('',#785,6.4E0);
#787=CARTESIAN_POINT('',(-2.85E0,6.4E0,-7.5E0));
#788=LINE('',#787,#786);
#789=DIRECTION('',(0.E0,-1.E0,0.E0));
#790=VECTOR('',#789,6.4E0);
#791=CARTESIAN_POINT('',(-1.27E1,6.4E0,-7.5E0));
#792=LINE('',#791,#790);
#793=DIRECTION('',(0.E0,-1.E0,0.E0));
#794=VECTOR('',#793,6.4E0);
#795=CARTESIAN_POINT('',(-1.27E1,6.4E0,7.5E0));
#796=LINE('',#795,#794);
#797=DIRECTION('',(0.E0,-1.E0,0.E0));
#798=VECTOR('',#797,6.4E0);
#799=CARTESIAN_POINT('',(-2.845E1,6.4E0,-1.2E1));
#800=LINE('',#799,#798);
#801=DIRECTION('',(0.E0,-1.E0,0.E0));
#802=VECTOR('',#801,6.4E0);
#803=CARTESIAN_POINT('',(-3.155E1,6.4E0,-1.2E1));
#804=LINE('',#803,#802);
#805=DIRECTION('',(0.E0,-1.E0,0.E0));
#806=VECTOR('',#805,6.4E0);
#807=CARTESIAN_POINT('',(3.155E1,6.4E0,-1.2E1));
#808=LINE('',#807,#806);
#809=DIRECTION('',(0.E0,-1.E0,0.E0));
#810=VECTOR('',#809,6.4E0);
#811=CARTESIAN_POINT('',(2.845E1,6.4E0,-1.2E1));
#812=LINE('',#811,#810);
#813=DIRECTION('',(0.E0,-1.E0,0.E0));
#814=VECTOR('',#813,6.4E0);
#815=CARTESIAN_POINT('',(3.155E1,6.4E0,1.2E1));
#816=LINE('',#815,#814);
#817=DIRECTION('',(0.E0,-1.E0,0.E0));
#818=VECTOR('',#817,6.4E0);
#819=CARTESIAN_POINT('',(2.845E1,6.4E0,1.2E1));
#820=LINE('',#819,#818);
#821=DIRECTION('',(0.E0,-1.E0,0.E0));
#822=VECTOR('',#821,6.4E0);
#823=CARTESIAN_POINT('',(-2.845E1,6.4E0,1.2E1));
#824=LINE('',#823,#822);
#825=DIRECTION('',(0.E0,-1.E0,0.E0));
#826=VECTOR('',#825,6.4E0);
#827=CARTESIAN_POINT('',(-3.155E1,6.4E0,1.2E1));
#828=LINE('',#827,#826);
#829=DIRECTION('',(0.E0,-1.E0,0.E0));
#830=VECTOR('',#829,6.4E0);
#831=CARTESIAN_POINT('',(1.21E2,6.4E0,-6.E0));
#832=LINE('',#831,#830);
#833=DIRECTION('',(0.E0,1.E0,0.E0));
#834=VECTOR('',#833,6.4E0);
#835=CARTESIAN_POINT('',(1.21E2,0.E0,6.E0));
#836=LINE('',#835,#834);
#837=DIRECTION('',(0.E0,-1.E0,0.E0));
#838=VECTOR('',#837,6.4E0);
#839=CARTESIAN_POINT('',(1.225E2,6.4E0,-7.5E0));
#840=LINE('',#839,#838);
#841=DIRECTION('',(0.E0,1.E0,0.E0));
#842=VECTOR('',#841,6.4E0);
#843=CARTESIAN_POINT('',(1.225E2,0.E0,7.5E0));
#844=LINE('',#843,#842);
#845=DIRECTION('',(0.E0,1.E0,0.E0));
#846=VECTOR('',#845,6.4E0);
#847=CARTESIAN_POINT('',(1.225E2,0.E0,1.E1));
#848=LINE('',#847,#846);
#849=DIRECTION('',(0.E0,1.E0,0.E0));
#850=VECTOR('',#849,6.4E0);
#851=CARTESIAN_POINT('',(1.225E2,0.E0,-1.E1));
#852=LINE('',#851,#850);
#853=DIRECTION('',(0.E0,1.E0,0.E0));
#854=VECTOR('',#853,6.4E0);
#855=CARTESIAN_POINT('',(1.175E2,0.E0,-2.E1));
#856=LINE('',#855,#854);
#857=DIRECTION('',(0.E0,1.E0,0.E0));
#858=VECTOR('',#857,6.4E0);
#859=CARTESIAN_POINT('',(-1.175E2,0.E0,-2.E1));
#860=LINE('',#859,#858);
#861=DIRECTION('',(0.E0,1.E0,0.E0));
#862=VECTOR('',#861,6.4E0);
#863=CARTESIAN_POINT('',(-1.225E2,0.E0,-7.5E0));
#864=LINE('',#863,#862);
#865=DIRECTION('',(0.E0,1.E0,0.E0));
#866=VECTOR('',#865,6.4E0);
#867=CARTESIAN_POINT('',(-1.225E2,0.E0,-1.E1));
#868=LINE('',#867,#866);
#869=DIRECTION('',(0.E0,-1.E0,0.E0));
#870=VECTOR('',#869,6.4E0);
#871=CARTESIAN_POINT('',(-1.225E2,6.4E0,7.5E0));
#872=LINE('',#871,#870);
#873=DIRECTION('',(0.E0,1.E0,0.E0));
#874=VECTOR('',#873,6.4E0);
#875=CARTESIAN_POINT('',(-1.21E2,0.E0,-6.E0));
#876=LINE('',#875,#874);
#877=DIRECTION('',(0.E0,-1.E0,0.E0));
#878=VECTOR('',#877,6.4E0);
#879=CARTESIAN_POINT('',(-1.21E2,6.4E0,6.E0));
#880=LINE('',#879,#878);
#881=DIRECTION('',(0.E0,1.E0,0.E0));
#882=VECTOR('',#881,6.4E0);
#883=CARTESIAN_POINT('',(-1.225E2,0.E0,1.E1));
#884=LINE('',#883,#882);
#885=DIRECTION('',(0.E0,1.E0,0.E0));
#886=VECTOR('',#885,6.4E0);
#887=CARTESIAN_POINT('',(-1.175E2,0.E0,2.E1));
#888=LINE('',#887,#886);
#889=DIRECTION('',(0.E0,1.E0,0.E0));
#890=VECTOR('',#889,6.4E0);
#891=CARTESIAN_POINT('',(1.175E2,0.E0,2.E1));
#892=LINE('',#891,#890);
#893=VERTEX_POINT('',#253);
#894=VERTEX_POINT('',#261);
#895=VERTEX_POINT('',#283);
#896=VERTEX_POINT('',#291);
#897=CARTESIAN_POINT('',(1.175E2,0.E0,2.E1));
#898=VERTEX_POINT('',#897);
#899=VERTEX_POINT('',#305);
#900=VERTEX_POINT('',#239);
#901=VERTEX_POINT('',#247);
#902=VERTEX_POINT('',#617);
#903=VERTEX_POINT('',#625);
#904=VERTEX_POINT('',#587);
#905=VERTEX_POINT('',#595);
#906=CARTESIAN_POINT('',(1.175E2,6.4E0,2.E1));
#907=VERTEX_POINT('',#906);
#908=VERTEX_POINT('',#581);
#909=VERTEX_POINT('',#631);
#910=VERTEX_POINT('',#639);
#911=CARTESIAN_POINT('',(9.9545E1,0.E0,-1.2E1));
#912=CARTESIAN_POINT('',(9.6445E1,0.E0,-1.2E1));
#913=VERTEX_POINT('',#911);
#914=VERTEX_POINT('',#912);
#915=CARTESIAN_POINT('',(-9.6445E1,0.E0,-1.2E1));
#916=CARTESIAN_POINT('',(-9.9545E1,0.E0,-1.2E1));
#917=VERTEX_POINT('',#915);
#918=VERTEX_POINT('',#916);
#919=CARTESIAN_POINT('',(-9.6445E1,0.E0,1.2E1));
#920=CARTESIAN_POINT('',(-9.9545E1,0.E0,1.2E1));
#921=VERTEX_POINT('',#919);
#922=VERTEX_POINT('',#920);
#923=CARTESIAN_POINT('',(9.9545E1,0.E0,1.2E1));
#924=CARTESIAN_POINT('',(9.6445E1,0.E0,1.2E1));
#925=VERTEX_POINT('',#923);
#926=VERTEX_POINT('',#924);
#927=CARTESIAN_POINT('',(9.99E1,0.E0,0.E0));
#928=CARTESIAN_POINT('',(9.609E1,0.E0,0.E0));
#929=VERTEX_POINT('',#927);
#930=VERTEX_POINT('',#928);
#931=CARTESIAN_POINT('',(-9.609E1,0.E0,0.E0));
#932=CARTESIAN_POINT('',(-9.99E1,0.E0,0.E0));
#933=VERTEX_POINT('',#931);
#934=VERTEX_POINT('',#932);
#935=CARTESIAN_POINT('',(9.9545E1,6.4E0,-1.2E1));
#936=CARTESIAN_POINT('',(9.6445E1,6.4E0,-1.2E1));
#937=VERTEX_POINT('',#935);
#938=VERTEX_POINT('',#936);
#939=CARTESIAN_POINT('',(-9.6445E1,6.4E0,-1.2E1));
#940=CARTESIAN_POINT('',(-9.9545E1,6.4E0,-1.2E1));
#941=VERTEX_POINT('',#939);
#942=VERTEX_POINT('',#940);
#943=CARTESIAN_POINT('',(-9.6445E1,6.4E0,1.2E1));
#944=CARTESIAN_POINT('',(-9.9545E1,6.4E0,1.2E1));
#945=VERTEX_POINT('',#943);
#946=VERTEX_POINT('',#944);
#947=CARTESIAN_POINT('',(9.9545E1,6.4E0,1.2E1));
#948=CARTESIAN_POINT('',(9.6445E1,6.4E0,1.2E1));
#949=VERTEX_POINT('',#947);
#950=VERTEX_POINT('',#948);
#951=CARTESIAN_POINT('',(9.99E1,6.4E0,0.E0));
#952=CARTESIAN_POINT('',(9.609E1,6.4E0,0.E0));
#953=VERTEX_POINT('',#951);
#954=VERTEX_POINT('',#952);
#955=CARTESIAN_POINT('',(-9.609E1,6.4E0,0.E0));
#956=CARTESIAN_POINT('',(-9.99E1,6.4E0,0.E0));
#957=VERTEX_POINT('',#955);
#958=VERTEX_POINT('',#956);
#959=CARTESIAN_POINT('',(1.1655E2,0.E0,-1.2E1));
#960=CARTESIAN_POINT('',(1.1345E2,0.E0,-1.2E1));
#961=VERTEX_POINT('',#959);
#962=VERTEX_POINT('',#960);
#963=CARTESIAN_POINT('',(1.1655E2,0.E0,1.2E1));
#964=CARTESIAN_POINT('',(1.1345E2,0.E0,1.2E1));
#965=VERTEX_POINT('',#963);
#966=VERTEX_POINT('',#964);
#967=CARTESIAN_POINT('',(1.16905E2,0.E0,0.E0));
#968=CARTESIAN_POINT('',(1.13095E2,0.E0,0.E0));
#969=VERTEX_POINT('',#967);
#970=VERTEX_POINT('',#968);
#971=CARTESIAN_POINT('',(-1.1345E2,0.E0,-1.2E1));
#972=CARTESIAN_POINT('',(-1.1655E2,0.E0,-1.2E1));
#973=VERTEX_POINT('',#971);
#974=VERTEX_POINT('',#972);
#975=CARTESIAN_POINT('',(-1.13095E2,0.E0,0.E0));
#976=CARTESIAN_POINT('',(-1.16905E2,0.E0,0.E0));
#977=VERTEX_POINT('',#975);
#978=VERTEX_POINT('',#976);
#979=CARTESIAN_POINT('',(-1.1345E2,0.E0,1.2E1));
#980=CARTESIAN_POINT('',(-1.1655E2,0.E0,1.2E1));
#981=VERTEX_POINT('',#979);
#982=VERTEX_POINT('',#980);
#983=CARTESIAN_POINT('',(1.1655E2,6.4E0,-1.2E1));
#984=CARTESIAN_POINT('',(1.1345E2,6.4E0,-1.2E1));
#985=VERTEX_POINT('',#983);
#986=VERTEX_POINT('',#984);
#987=CARTESIAN_POINT('',(1.1655E2,6.4E0,1.2E1));
#988=CARTESIAN_POINT('',(1.1345E2,6.4E0,1.2E1));
#989=VERTEX_POINT('',#987);
#990=VERTEX_POINT('',#988);
#991=CARTESIAN_POINT('',(1.16905E2,6.4E0,0.E0));
#992=CARTESIAN_POINT('',(1.13095E2,6.4E0,0.E0));
#993=VERTEX_POINT('',#991);
#994=VERTEX_POINT('',#992);
#995=CARTESIAN_POINT('',(-1.1345E2,6.4E0,-1.2E1));
#996=CARTESIAN_POINT('',(-1.1655E2,6.4E0,-1.2E1));
#997=VERTEX_POINT('',#995);
#998=VERTEX_POINT('',#996);
#999=CARTESIAN_POINT('',(-1.13095E2,6.4E0,0.E0));
#1000=CARTESIAN_POINT('',(-1.16905E2,6.4E0,0.E0));
#1001=VERTEX_POINT('',#999);
#1002=VERTEX_POINT('',#1000);
#1003=CARTESIAN_POINT('',(-1.1345E2,6.4E0,1.2E1));
#1004=CARTESIAN_POINT('',(-1.1655E2,6.4E0,1.2E1));
#1005=VERTEX_POINT('',#1003);
#1006=VERTEX_POINT('',#1004);
#1007=CARTESIAN_POINT('',(-1.27E1,0.E0,-7.5E0));
#1008=CARTESIAN_POINT('',(-1.27E1,0.E0,7.5E0));
#1009=VERTEX_POINT('',#1007);
#1010=VERTEX_POINT('',#1008);
#1011=CARTESIAN_POINT('',(-2.85E0,0.E0,7.5E0));
#1012=VERTEX_POINT('',#1011);
#1013=CARTESIAN_POINT('',(-2.85E0,0.E0,-7.5E0));
#1014=VERTEX_POINT('',#1013);
#1015=CARTESIAN_POINT('',(1.27E1,0.E0,-7.5E0));
#1016=CARTESIAN_POINT('',(2.85E0,0.E0,-7.5E0));
#1017=VERTEX_POINT('',#1015);
#1018=VERTEX_POINT('',#1016);
#1019=CARTESIAN_POINT('',(2.85E0,0.E0,7.5E0));
#1020=CARTESIAN_POINT('',(1.27E1,0.E0,7.5E0));
#1021=VERTEX_POINT('',#1019);
#1022=VERTEX_POINT('',#1020);
#1023=CARTESIAN_POINT('',(-1.27E1,6.4E0,-7.5E0));
#1024=CARTESIAN_POINT('',(-1.27E1,6.4E0,7.5E0));
#1025=VERTEX_POINT('',#1023);
#1026=VERTEX_POINT('',#1024);
#1027=CARTESIAN_POINT('',(-2.85E0,6.4E0,7.5E0));
#1028=VERTEX_POINT('',#1027);
#1029=CARTESIAN_POINT('',(-2.85E0,6.4E0,-7.5E0));
#1030=VERTEX_POINT('',#1029);
#1031=CARTESIAN_POINT('',(1.27E1,6.4E0,-7.5E0));
#1032=CARTESIAN_POINT('',(2.85E0,6.4E0,-7.5E0));
#1033=VERTEX_POINT('',#1031);
#1034=VERTEX_POINT('',#1032);
#1035=CARTESIAN_POINT('',(2.85E0,6.4E0,7.5E0));
#1036=CARTESIAN_POINT('',(1.27E1,6.4E0,7.5E0));
#1037=VERTEX_POINT('',#1035);
#1038=VERTEX_POINT('',#1036);
#1039=CARTESIAN_POINT('',(-2.85E0,6.4E0,-2.825442443229E0));
#1040=CARTESIAN_POINT('',(-2.030272108842E0,6.4E0,-2.441028505376E0));
#1041=VERTEX_POINT('',#1039);
#1042=VERTEX_POINT('',#1040);
#1043=CARTESIAN_POINT('',(-2.030272108843E0,0.E0,-2.441028505375E0));
#1044=VERTEX_POINT('',#1043);
#1045=CARTESIAN_POINT('',(-2.85E0,0.E0,-2.825442443229E0));
#1046=VERTEX_POINT('',#1045);
#1047=CARTESIAN_POINT('',(2.85E0,0.E0,-2.825442443229E0));
#1048=CARTESIAN_POINT('',(2.030272108842E0,0.E0,-2.441028505376E0));
#1049=VERTEX_POINT('',#1047);
#1050=VERTEX_POINT('',#1048);
#1051=CARTESIAN_POINT('',(2.030272108843E0,6.4E0,-2.441028505375E0));
#1052=VERTEX_POINT('',#1051);
#1053=CARTESIAN_POINT('',(2.85E0,6.4E0,-2.825442443229E0));
#1054=VERTEX_POINT('',#1053);
#1055=CARTESIAN_POINT('',(2.85E0,6.4E0,2.825442443229E0));
#1056=CARTESIAN_POINT('',(2.030272108842E0,6.4E0,2.441028505376E0));
#1057=VERTEX_POINT('',#1055);
#1058=VERTEX_POINT('',#1056);
#1059=CARTESIAN_POINT('',(2.030272108843E0,0.E0,2.441028505375E0));
#1060=VERTEX_POINT('',#1059);
#1061=CARTESIAN_POINT('',(2.85E0,0.E0,2.825442443229E0));
#1062=VERTEX_POINT('',#1061);
#1063=CARTESIAN_POINT('',(-2.85E0,0.E0,2.825442443229E0));
#1064=CARTESIAN_POINT('',(-2.030272108842E0,0.E0,2.441028505376E0));
#1065=VERTEX_POINT('',#1063);
#1066=VERTEX_POINT('',#1064);
#1067=CARTESIAN_POINT('',(-2.030272108843E0,6.4E0,2.441028505375E0));
#1068=VERTEX_POINT('',#1067);
#1069=CARTESIAN_POINT('',(-2.85E0,6.4E0,2.825442443229E0));
#1070=VERTEX_POINT('',#1069);
#1071=CARTESIAN_POINT('',(-2.845E1,0.E0,-1.2E1));
#1072=CARTESIAN_POINT('',(-3.155E1,0.E0,-1.2E1));
#1073=VERTEX_POINT('',#1071);
#1074=VERTEX_POINT('',#1072);
#1075=CARTESIAN_POINT('',(3.155E1,0.E0,-1.2E1));
#1076=CARTESIAN_POINT('',(2.845E1,0.E0,-1.2E1));
#1077=VERTEX_POINT('',#1075);
#1078=VERTEX_POINT('',#1076);
#1079=CARTESIAN_POINT('',(3.155E1,0.E0,1.2E1));
#1080=CARTESIAN_POINT('',(2.845E1,0.E0,1.2E1));
#1081=VERTEX_POINT('',#1079);
#1082=VERTEX_POINT('',#1080);
#1083=CARTESIAN_POINT('',(-2.845E1,0.E0,1.2E1));
#1084=CARTESIAN_POINT('',(-3.155E1,0.E0,1.2E1));
#1085=VERTEX_POINT('',#1083);
#1086=VERTEX_POINT('',#1084);
#1087=CARTESIAN_POINT('',(-2.845E1,6.4E0,-1.2E1));
#1088=CARTESIAN_POINT('',(-3.155E1,6.4E0,-1.2E1));
#1089=VERTEX_POINT('',#1087);
#1090=VERTEX_POINT('',#1088);
#1091=CARTESIAN_POINT('',(3.155E1,6.4E0,-1.2E1));
#1092=CARTESIAN_POINT('',(2.845E1,6.4E0,-1.2E1));
#1093=VERTEX_POINT('',#1091);
#1094=VERTEX_POINT('',#1092);
#1095=CARTESIAN_POINT('',(3.155E1,6.4E0,1.2E1));
#1096=CARTESIAN_POINT('',(2.845E1,6.4E0,1.2E1));
#1097=VERTEX_POINT('',#1095);
#1098=VERTEX_POINT('',#1096);
#1099=CARTESIAN_POINT('',(-2.845E1,6.4E0,1.2E1));
#1100=CARTESIAN_POINT('',(-3.155E1,6.4E0,1.2E1));
#1101=VERTEX_POINT('',#1099);
#1102=VERTEX_POINT('',#1100);
#1103=CARTESIAN_POINT('',(1.225E2,0.E0,-7.5E0));
#1104=CARTESIAN_POINT('',(1.21E2,0.E0,-6.E0));
#1105=VERTEX_POINT('',#1103);
#1106=VERTEX_POINT('',#1104);
#1107=CARTESIAN_POINT('',(1.21E2,6.4E0,-6.E0));
#1108=CARTESIAN_POINT('',(1.225E2,6.4E0,-7.5E0));
#1109=VERTEX_POINT('',#1107);
#1110=VERTEX_POINT('',#1108);
#1111=CARTESIAN_POINT('',(1.225E2,6.4E0,7.5E0));
#1112=CARTESIAN_POINT('',(1.21E2,6.4E0,6.E0));
#1113=VERTEX_POINT('',#1111);
#1114=VERTEX_POINT('',#1112);
#1115=CARTESIAN_POINT('',(1.21E2,0.E0,6.E0));
#1116=CARTESIAN_POINT('',(1.225E2,0.E0,7.5E0));
#1117=VERTEX_POINT('',#1115);
#1118=VERTEX_POINT('',#1116);
#1119=CARTESIAN_POINT('',(-1.225E2,6.4E0,-7.5E0));
#1120=CARTESIAN_POINT('',(-1.21E2,6.4E0,-6.E0));
#1121=VERTEX_POINT('',#1119);
#1122=VERTEX_POINT('',#1120);
#1123=CARTESIAN_POINT('',(-1.21E2,0.E0,-6.E0));
#1124=CARTESIAN_POINT('',(-1.225E2,0.E0,-7.5E0));
#1125=VERTEX_POINT('',#1123);
#1126=VERTEX_POINT('',#1124);
#1127=CARTESIAN_POINT('',(-1.225E2,0.E0,7.5E0));
#1128=CARTESIAN_POINT('',(-1.21E2,0.E0,6.E0));
#1129=VERTEX_POINT('',#1127);
#1130=VERTEX_POINT('',#1128);
#1131=CARTESIAN_POINT('',(-1.21E2,6.4E0,6.E0));
#1132=CARTESIAN_POINT('',(-1.225E2,6.4E0,7.5E0));
#1133=VERTEX_POINT('',#1131);
#1134=VERTEX_POINT('',#1132);
#1135=CARTESIAN_POINT('',(0.E0,0.E0,0.E0));
#1136=DIRECTION('',(0.E0,1.E0,0.E0));
#1137=DIRECTION('',(1.E0,0.E0,0.E0));
#1138=AXIS2_PLACEMENT_3D('',#1135,#1136,#1137);
#1139=PLANE('',#1138);
#1141=ORIENTED_EDGE('',*,*,#1140,.F.);
#1143=ORIENTED_EDGE('',*,*,#1142,.T.);
#1145=ORIENTED_EDGE('',*,*,#1144,.T.);
#1147=ORIENTED_EDGE('',*,*,#1146,.T.);
#1149=ORIENTED_EDGE('',*,*,#1148,.T.);
#1151=ORIENTED_EDGE('',*,*,#1150,.T.);
#1153=ORIENTED_EDGE('',*,*,#1152,.F.);
#1155=ORIENTED_EDGE('',*,*,#1154,.F.);
#1157=ORIENTED_EDGE('',*,*,#1156,.F.);
#1159=ORIENTED_EDGE('',*,*,#1158,.T.);
#1161=ORIENTED_EDGE('',*,*,#1160,.T.);
#1163=ORIENTED_EDGE('',*,*,#1162,.T.);
#1165=ORIENTED_EDGE('',*,*,#1164,.T.);
#1167=ORIENTED_EDGE('',*,*,#1166,.T.);
#1169=ORIENTED_EDGE('',*,*,#1168,.F.);
#1171=ORIENTED_EDGE('',*,*,#1170,.F.);
#1172=EDGE_LOOP('',(#1141,#1143,#1145,#1147,#1149,#1151,#1153,#1155,#1157,#1159,
#1161,#1163,#1165,#1167,#1169,#1171));
#1173=FACE_OUTER_BOUND('',#1172,.F.);
#1175=ORIENTED_EDGE('',*,*,#1174,.F.);
#1177=ORIENTED_EDGE('',*,*,#1176,.F.);
#1178=EDGE_LOOP('',(#1175,#1177));
#1179=FACE_BOUND('',#1178,.F.);
#1181=ORIENTED_EDGE('',*,*,#1180,.F.);
#1183=ORIENTED_EDGE('',*,*,#1182,.F.);
#1184=EDGE_LOOP('',(#1181,#1183));
#1185=FACE_BOUND('',#1184,.F.);
#1187=ORIENTED_EDGE('',*,*,#1186,.F.);
#1189=ORIENTED_EDGE('',*,*,#1188,.F.);
#1190=EDGE_LOOP('',(#1187,#1189));
#1191=FACE_BOUND('',#1190,.F.);
#1193=ORIENTED_EDGE('',*,*,#1192,.F.);
#1195=ORIENTED_EDGE('',*,*,#1194,.F.);
#1196=EDGE_LOOP('',(#1193,#1195));
#1197=FACE_BOUND('',#1196,.F.);
#1199=ORIENTED_EDGE('',*,*,#1198,.F.);
#1201=ORIENTED_EDGE('',*,*,#1200,.F.);
#1202=EDGE_LOOP('',(#1199,#1201));
#1203=FACE_BOUND('',#1202,.F.);
#1205=ORIENTED_EDGE('',*,*,#1204,.F.);
#1207=ORIENTED_EDGE('',*,*,#1206,.F.);
#1208=EDGE_LOOP('',(#1205,#1207));
#1209=FACE_BOUND('',#1208,.F.);
#1211=ORIENTED_EDGE('',*,*,#1210,.F.);
#1213=ORIENTED_EDGE('',*,*,#1212,.F.);
#1214=EDGE_LOOP('',(#1211,#1213));
#1215=FACE_BOUND('',#1214,.F.);
#1217=ORIENTED_EDGE('',*,*,#1216,.F.);
#1219=ORIENTED_EDGE('',*,*,#1218,.F.);
#1220=EDGE_LOOP('',(#1217,#1219));
#1221=FACE_BOUND('',#1220,.F.);
#1223=ORIENTED_EDGE('',*,*,#1222,.F.);
#1225=ORIENTED_EDGE('',*,*,#1224,.F.);
#1226=EDGE_LOOP('',(#1223,#1225));
#1227=FACE_BOUND('',#1226,.F.);
#1229=ORIENTED_EDGE('',*,*,#1228,.F.);
#1231=ORIENTED_EDGE('',*,*,#1230,.F.);
#1232=EDGE_LOOP('',(#1229,#1231));
#1233=FACE_BOUND('',#1232,.F.);
#1235=ORIENTED_EDGE('',*,*,#1234,.F.);
#1237=ORIENTED_EDGE('',*,*,#1236,.F.);
#1238=EDGE_LOOP('',(#1235,#1237));
#1239=FACE_BOUND('',#1238,.F.);
#1241=ORIENTED_EDGE('',*,*,#1240,.F.);
#1243=ORIENTED_EDGE('',*,*,#1242,.F.);
#1245=ORIENTED_EDGE('',*,*,#1244,.F.);
#1247=ORIENTED_EDGE('',*,*,#1246,.F.);
#1249=ORIENTED_EDGE('',*,*,#1248,.F.);
#1251=ORIENTED_EDGE('',*,*,#1250,.F.);
#1253=ORIENTED_EDGE('',*,*,#1252,.F.);
#1255=ORIENTED_EDGE('',*,*,#1254,.F.);
#1257=ORIENTED_EDGE('',*,*,#1256,.F.);
#1259=ORIENTED_EDGE('',*,*,#1258,.F.);
#1261=ORIENTED_EDGE('',*,*,#1260,.F.);
#1263=ORIENTED_EDGE('',*,*,#1262,.F.);
#1265=ORIENTED_EDGE('',*,*,#1264,.F.);
#1267=ORIENTED_EDGE('',*,*,#1266,.F.);
#1269=ORIENTED_EDGE('',*,*,#1268,.F.);
#1271=ORIENTED_EDGE('',*,*,#1270,.F.);
#1272=EDGE_LOOP('',(#1241,#1243,#1245,#1247,#1249,#1251,#1253,#1255,#1257,#1259,
#1261,#1263,#1265,#1267,#1269,#1271));
#1273=FACE_BOUND('',#1272,.F.);
#1275=ORIENTED_EDGE('',*,*,#1274,.F.);
#1277=ORIENTED_EDGE('',*,*,#1276,.F.);
#1278=EDGE_LOOP('',(#1275,#1277));
#1279=FACE_BOUND('',#1278,.F.);
#1281=ORIENTED_EDGE('',*,*,#1280,.F.);
#1283=ORIENTED_EDGE('',*,*,#1282,.F.);
#1284=EDGE_LOOP('',(#1281,#1283));
#1285=FACE_BOUND('',#1284,.F.);
#1287=ORIENTED_EDGE('',*,*,#1286,.F.);
#1289=ORIENTED_EDGE('',*,*,#1288,.F.);
#1290=EDGE_LOOP('',(#1287,#1289));
#1291=FACE_BOUND('',#1290,.F.);
#1293=ORIENTED_EDGE('',*,*,#1292,.F.);
#1295=ORIENTED_EDGE('',*,*,#1294,.F.);
#1296=EDGE_LOOP('',(#1293,#1295));
#1297=FACE_BOUND('',#1296,.F.);
#1299=ORIENTED_EDGE('',*,*,#1298,.F.);
#1301=ORIENTED_EDGE('',*,*,#1300,.F.);
#1302=EDGE_LOOP('',(#1299,#1301));
#1303=FACE_BOUND('',#1302,.F.);
#1304=ADVANCED_FACE('',(#1173,#1179,#1185,#1191,#1197,#1203,#1209,#1215,#1221,
#1227,#1233,#1239,#1273,#1279,#1285,#1291,#1297,#1303),#1139,.F.);
#1305=CARTESIAN_POINT('',(9.7995E1,6.4E0,-1.2E1));
#1306=DIRECTION('',(0.E0,1.E0,0.E0));
#1307=DIRECTION('',(1.E0,0.E0,0.E0));
#1308=AXIS2_PLACEMENT_3D('',#1305,#1306,#1307);
#1309=CYLINDRICAL_SURFACE('',#1308,1.55E0);
#1310=ORIENTED_EDGE('',*,*,#1298,.T.);
#1312=ORIENTED_EDGE('',*,*,#1311,.F.);
#1314=ORIENTED_EDGE('',*,*,#1313,.F.);
#1316=ORIENTED_EDGE('',*,*,#1315,.T.);
#1317=EDGE_LOOP('',(#1310,#1312,#1314,#1316));
#1318=FACE_OUTER_BOUND('',#1317,.F.);
#1319=ADVANCED_FACE('',(#1318),#1309,.F.);
#1320=CARTESIAN_POINT('',(9.7995E1,6.4E0,-1.2E1));
#1321=DIRECTION('',(0.E0,1.E0,0.E0));
#1322=DIRECTION('',(1.E0,0.E0,0.E0));
#1323=AXIS2_PLACEMENT_3D('',#1320,#1321,#1322);
#1324=CYLINDRICAL_SURFACE('',#1323,1.55E0);
#1325=ORIENTED_EDGE('',*,*,#1300,.T.);
#1326=ORIENTED_EDGE('',*,*,#1315,.F.);
#1328=ORIENTED_EDGE('',*,*,#1327,.F.);
#1329=ORIENTED_EDGE('',*,*,#1311,.T.);
#1330=EDGE_LOOP('',(#1325,#1326,#1328,#1329));
#1331=FACE_OUTER_BOUND('',#1330,.F.);
#1332=ADVANCED_FACE('',(#1331),#1324,.F.);
#1333=CARTESIAN_POINT('',(0.E0,6.4E0,0.E0));
#1334=DIRECTION('',(0.E0,1.E0,0.E0));
#1335=DIRECTION('',(1.E0,0.E0,0.E0));
#1336=AXIS2_PLACEMENT_3D('',#1333,#1334,#1335);
#1337=PLANE('',#1336);
#1339=ORIENTED_EDGE('',*,*,#1338,.F.);
#1341=ORIENTED_EDGE('',*,*,#1340,.T.);
#1343=ORIENTED_EDGE('',*,*,#1342,.F.);
#1345=ORIENTED_EDGE('',*,*,#1344,.F.);
#1347=ORIENTED_EDGE('',*,*,#1346,.F.);
#1349=ORIENTED_EDGE('',*,*,#1348,.F.);
#1351=ORIENTED_EDGE('',*,*,#1350,.F.);
#1353=ORIENTED_EDGE('',*,*,#1352,.F.);
#1355=ORIENTED_EDGE('',*,*,#1354,.F.);
#1357=ORIENTED_EDGE('',*,*,#1356,.T.);
#1359=ORIENTED_EDGE('',*,*,#1358,.F.);
#1361=ORIENTED_EDGE('',*,*,#1360,.F.);
#1363=ORIENTED_EDGE('',*,*,#1362,.F.);
#1365=ORIENTED_EDGE('',*,*,#1364,.F.);
#1367=ORIENTED_EDGE('',*,*,#1366,.F.);
#1369=ORIENTED_EDGE('',*,*,#1368,.F.);
#1370=EDGE_LOOP('',(#1339,#1341,#1343,#1345,#1347,#1349,#1351,#1353,#1355,#1357,
#1359,#1361,#1363,#1365,#1367,#1369));
#1371=FACE_OUTER_BOUND('',#1370,.F.);
#1373=ORIENTED_EDGE('',*,*,#1372,.T.);
#1375=ORIENTED_EDGE('',*,*,#1374,.T.);
#1376=EDGE_LOOP('',(#1373,#1375));
#1377=FACE_BOUND('',#1376,.F.);
#1379=ORIENTED_EDGE('',*,*,#1378,.T.);
#1381=ORIENTED_EDGE('',*,*,#1380,.T.);
#1382=EDGE_LOOP('',(#1379,#1381));
#1383=FACE_BOUND('',#1382,.F.);
#1385=ORIENTED_EDGE('',*,*,#1384,.T.);
#1387=ORIENTED_EDGE('',*,*,#1386,.T.);
#1388=EDGE_LOOP('',(#1385,#1387));
#1389=FACE_BOUND('',#1388,.F.);
#1391=ORIENTED_EDGE('',*,*,#1390,.T.);
#1393=ORIENTED_EDGE('',*,*,#1392,.T.);
#1394=EDGE_LOOP('',(#1391,#1393));
#1395=FACE_BOUND('',#1394,.F.);
#1397=ORIENTED_EDGE('',*,*,#1396,.T.);
#1399=ORIENTED_EDGE('',*,*,#1398,.T.);
#1400=EDGE_LOOP('',(#1397,#1399));
#1401=FACE_BOUND('',#1400,.F.);
#1403=ORIENTED_EDGE('',*,*,#1402,.T.);
#1405=ORIENTED_EDGE('',*,*,#1404,.T.);
#1406=EDGE_LOOP('',(#1403,#1405));
#1407=FACE_BOUND('',#1406,.F.);
#1409=ORIENTED_EDGE('',*,*,#1408,.T.);
#1411=ORIENTED_EDGE('',*,*,#1410,.T.);
#1412=EDGE_LOOP('',(#1409,#1411));
#1413=FACE_BOUND('',#1412,.F.);
#1415=ORIENTED_EDGE('',*,*,#1414,.T.);
#1417=ORIENTED_EDGE('',*,*,#1416,.T.);
#1418=EDGE_LOOP('',(#1415,#1417));
#1419=FACE_BOUND('',#1418,.F.);
#1421=ORIENTED_EDGE('',*,*,#1420,.T.);
#1423=ORIENTED_EDGE('',*,*,#1422,.T.);
#1424=EDGE_LOOP('',(#1421,#1423));
#1425=FACE_BOUND('',#1424,.F.);
#1427=ORIENTED_EDGE('',*,*,#1426,.T.);
#1429=ORIENTED_EDGE('',*,*,#1428,.T.);
#1430=EDGE_LOOP('',(#1427,#1429));
#1431=FACE_BOUND('',#1430,.F.);
#1433=ORIENTED_EDGE('',*,*,#1432,.T.);
#1435=ORIENTED_EDGE('',*,*,#1434,.T.);
#1436=EDGE_LOOP('',(#1433,#1435));
#1437=FACE_BOUND('',#1436,.F.);
#1439=ORIENTED_EDGE('',*,*,#1438,.F.);
#1441=ORIENTED_EDGE('',*,*,#1440,.T.);
#1443=ORIENTED_EDGE('',*,*,#1442,.T.);
#1445=ORIENTED_EDGE('',*,*,#1444,.T.);
#1447=ORIENTED_EDGE('',*,*,#1446,.T.);
#1449=ORIENTED_EDGE('',*,*,#1448,.T.);
#1451=ORIENTED_EDGE('',*,*,#1450,.F.);
#1453=ORIENTED_EDGE('',*,*,#1452,.T.);
#1455=ORIENTED_EDGE('',*,*,#1454,.F.);
#1457=ORIENTED_EDGE('',*,*,#1456,.T.);
#1459=ORIENTED_EDGE('',*,*,#1458,.T.);
#1461=ORIENTED_EDGE('',*,*,#1460,.T.);
#1463=ORIENTED_EDGE('',*,*,#1462,.T.);
#1465=ORIENTED_EDGE('',*,*,#1464,.T.);
#1467=ORIENTED_EDGE('',*,*,#1466,.F.);
#1469=ORIENTED_EDGE('',*,*,#1468,.T.);
#1470=EDGE_LOOP('',(#1439,#1441,#1443,#1445,#1447,#1449,#1451,#1453,#1455,#1457,
#1459,#1461,#1463,#1465,#1467,#1469));
#1471=FACE_BOUND('',#1470,.F.);
#1473=ORIENTED_EDGE('',*,*,#1472,.T.);
#1475=ORIENTED_EDGE('',*,*,#1474,.T.);
#1476=EDGE_LOOP('',(#1473,#1475));
#1477=FACE_BOUND('',#1476,.F.);
#1479=ORIENTED_EDGE('',*,*,#1478,.T.);
#1481=ORIENTED_EDGE('',*,*,#1480,.T.);
#1482=EDGE_LOOP('',(#1479,#1481));
#1483=FACE_BOUND('',#1482,.F.);
#1485=ORIENTED_EDGE('',*,*,#1484,.T.);
#1487=ORIENTED_EDGE('',*,*,#1486,.T.);
#1488=EDGE_LOOP('',(#1485,#1487));
#1489=FACE_BOUND('',#1488,.F.);
#1491=ORIENTED_EDGE('',*,*,#1490,.T.);
#1493=ORIENTED_EDGE('',*,*,#1492,.T.);
#1494=EDGE_LOOP('',(#1491,#1493));
#1495=FACE_BOUND('',#1494,.F.);
#1496=ORIENTED_EDGE('',*,*,#1313,.T.);
#1497=ORIENTED_EDGE('',*,*,#1327,.T.);
#1498=EDGE_LOOP('',(#1496,#1497));
#1499=FACE_BOUND('',#1498,.F.);
#1500=ADVANCED_FACE('',(#1371,#1377,#1383,#1389,#1395,#1401,#1407,#1413,#1419,
#1425,#1431,#1437,#1471,#1477,#1483,#1489,#1495,#1499),#1337,.T.);
#1501=CARTESIAN_POINT('',(-9.7995E1,6.4E0,-1.2E1));
#1502=DIRECTION('',(0.E0,1.E0,0.E0));
#1503=DIRECTION('',(1.E0,0.E0,0.E0));
#1504=AXIS2_PLACEMENT_3D('',#1501,#1502,#1503);
#1505=CYLINDRICAL_SURFACE('',#1504,1.55E0);
#1506=ORIENTED_EDGE('',*,*,#1174,.T.);
#1508=ORIENTED_EDGE('',*,*,#1507,.F.);
#1509=ORIENTED_EDGE('',*,*,#1372,.F.);
#1511=ORIENTED_EDGE('',*,*,#1510,.T.);
#1512=EDGE_LOOP('',(#1506,#1508,#1509,#1511));
#1513=FACE_OUTER_BOUND('',#1512,.F.);
#1514=ADVANCED_FACE('',(#1513),#1505,.F.);
#1515=CARTESIAN_POINT('',(-9.7995E1,6.4E0,-1.2E1));
#1516=DIRECTION('',(0.E0,1.E0,0.E0));
#1517=DIRECTION('',(1.E0,0.E0,0.E0));
#1518=AXIS2_PLACEMENT_3D('',#1515,#1516,#1517);
#1519=CYLINDRICAL_SURFACE('',#1518,1.55E0);
#1520=ORIENTED_EDGE('',*,*,#1176,.T.);
#1521=ORIENTED_EDGE('',*,*,#1510,.F.);
#1522=ORIENTED_EDGE('',*,*,#1374,.F.);
#1523=ORIENTED_EDGE('',*,*,#1507,.T.);
#1524=EDGE_LOOP('',(#1520,#1521,#1522,#1523));
#1525=FACE_OUTER_BOUND('',#1524,.F.);
#1526=ADVANCED_FACE('',(#1525),#1519,.F.);
#1527=CARTESIAN_POINT('',(-9.7995E1,6.4E0,1.2E1));
#1528=DIRECTION('',(0.E0,1.E0,0.E0));
#1529=DIRECTION('',(1.E0,0.E0,0.E0));
#1530=AXIS2_PLACEMENT_3D('',#1527,#1528,#1529);
#1531=CYLINDRICAL_SURFACE('',#1530,1.55E0);
#1532=ORIENTED_EDGE('',*,*,#1180,.T.);
#1534=ORIENTED_EDGE('',*,*,#1533,.F.);
#1535=ORIENTED_EDGE('',*,*,#1378,.F.);
#1537=ORIENTED_EDGE('',*,*,#1536,.T.);
#1538=EDGE_LOOP('',(#1532,#1534,#1535,#1537));
#1539=FACE_OUTER_BOUND('',#1538,.F.);
#1540=ADVANCED_FACE('',(#1539),#1531,.F.);
#1541=CARTESIAN_POINT('',(-9.7995E1,6.4E0,1.2E1));
#1542=DIRECTION('',(0.E0,1.E0,0.E0));
#1543=DIRECTION('',(1.E0,0.E0,0.E0));
#1544=AXIS2_PLACEMENT_3D('',#1541,#1542,#1543);
#1545=CYLINDRICAL_SURFACE('',#1544,1.55E0);
#1546=ORIENTED_EDGE('',*,*,#1182,.T.);
#1547=ORIENTED_EDGE('',*,*,#1536,.F.);
#1548=ORIENTED_EDGE('',*,*,#1380,.F.);
#1549=ORIENTED_EDGE('',*,*,#1533,.T.);
#1550=EDGE_LOOP('',(#1546,#1547,#1548,#1549));
#1551=FACE_OUTER_BOUND('',#1550,.F.);
#1552=ADVANCED_FACE('',(#1551),#1545,.F.);
#1553=CARTESIAN_POINT('',(9.7995E1,6.4E0,1.2E1));
#1554=DIRECTION('',(0.E0,1.E0,0.E0));
#1555=DIRECTION('',(1.E0,0.E0,0.E0));
#1556=AXIS2_PLACEMENT_3D('',#1553,#1554,#1555);
#1557=CYLINDRICAL_SURFACE('',#1556,1.55E0);
#1558=ORIENTED_EDGE('',*,*,#1186,.T.);
#1560=ORIENTED_EDGE('',*,*,#1559,.F.);
#1561=ORIENTED_EDGE('',*,*,#1384,.F.);
#1563=ORIENTED_EDGE('',*,*,#1562,.T.);
#1564=EDGE_LOOP('',(#1558,#1560,#1561,#1563));
#1565=FACE_OUTER_BOUND('',#1564,.F.);
#1566=ADVANCED_FACE('',(#1565),#1557,.F.);
#1567=CARTESIAN_POINT('',(9.7995E1,6.4E0,1.2E1));
#1568=DIRECTION('',(0.E0,1.E0,0.E0));
#1569=DIRECTION('',(1.E0,0.E0,0.E0));
#1570=AXIS2_PLACEMENT_3D('',#1567,#1568,#1569);
#1571=CYLINDRICAL_SURFACE('',#1570,1.55E0);
#1572=ORIENTED_EDGE('',*,*,#1188,.T.);
#1573=ORIENTED_EDGE('',*,*,#1562,.F.);
#1574=ORIENTED_EDGE('',*,*,#1386,.F.);
#1575=ORIENTED_EDGE('',*,*,#1559,.T.);
#1576=EDGE_LOOP('',(#1572,#1573,#1574,#1575));
#1577=FACE_OUTER_BOUND('',#1576,.F.);
#1578=ADVANCED_FACE('',(#1577),#1571,.F.);
#1579=CARTESIAN_POINT('',(9.7995E1,6.4E0,0.E0));
#1580=DIRECTION('',(0.E0,1.E0,0.E0));
#1581=DIRECTION('',(1.E0,0.E0,0.E0));
#1582=AXIS2_PLACEMENT_3D('',#1579,#1580,#1581);
#1583=CYLINDRICAL_SURFACE('',#1582,1.905E0);
#1584=ORIENTED_EDGE('',*,*,#1192,.T.);
#1586=ORIENTED_EDGE('',*,*,#1585,.F.);
#1587=ORIENTED_EDGE('',*,*,#1390,.F.);
#1589=ORIENTED_EDGE('',*,*,#1588,.T.);
#1590=EDGE_LOOP('',(#1584,#1586,#1587,#1589));
#1591=FACE_OUTER_BOUND('',#1590,.F.);
#1592=ADVANCED_FACE('',(#1591),#1583,.F.);
#1593=CARTESIAN_POINT('',(9.7995E1,6.4E0,0.E0));
#1594=DIRECTION('',(0.E0,1.E0,0.E0));
#1595=DIRECTION('',(1.E0,0.E0,0.E0));
#1596=AXIS2_PLACEMENT_3D('',#1593,#1594,#1595);
#1597=CYLINDRICAL_SURFACE('',#1596,1.905E0);
#1598=ORIENTED_EDGE('',*,*,#1194,.T.);
#1599=ORIENTED_EDGE('',*,*,#1588,.F.);
#1600=ORIENTED_EDGE('',*,*,#1392,.F.);
#1601=ORIENTED_EDGE('',*,*,#1585,.T.);
#1602=EDGE_LOOP('',(#1598,#1599,#1600,#1601));
#1603=FACE_OUTER_BOUND('',#1602,.F.);
#1604=ADVANCED_FACE('',(#1603),#1597,.F.);
#1605=CARTESIAN_POINT('',(-9.7995E1,6.4E0,0.E0));
#1606=DIRECTION('',(0.E0,1.E0,0.E0));
#1607=DIRECTION('',(1.E0,0.E0,0.E0));
#1608=AXIS2_PLACEMENT_3D('',#1605,#1606,#1607);
#1609=CYLINDRICAL_SURFACE('',#1608,1.905E0);
#1610=ORIENTED_EDGE('',*,*,#1198,.T.);
#1612=ORIENTED_EDGE('',*,*,#1611,.F.);
#1613=ORIENTED_EDGE('',*,*,#1396,.F.);
#1615=ORIENTED_EDGE('',*,*,#1614,.T.);
#1616=EDGE_LOOP('',(#1610,#1612,#1613,#1615));
#1617=FACE_OUTER_BOUND('',#1616,.F.);
#1618=ADVANCED_FACE('',(#1617),#1609,.F.);
#1619=CARTESIAN_POINT('',(-9.7995E1,6.4E0,0.E0));
#1620=DIRECTION('',(0.E0,1.E0,0.E0));
#1621=DIRECTION('',(1.E0,0.E0,0.E0));
#1622=AXIS2_PLACEMENT_3D('',#1619,#1620,#1621);
#1623=CYLINDRICAL_SURFACE('',#1622,1.905E0);
#1624=ORIENTED_EDGE('',*,*,#1200,.T.);
#1625=ORIENTED_EDGE('',*,*,#1614,.F.);
#1626=ORIENTED_EDGE('',*,*,#1398,.F.);
#1627=ORIENTED_EDGE('',*,*,#1611,.T.);
#1628=EDGE_LOOP('',(#1624,#1625,#1626,#1627));
#1629=FACE_OUTER_BOUND('',#1628,.F.);
#1630=ADVANCED_FACE('',(#1629),#1623,.F.);
#1631=CARTESIAN_POINT('',(1.15E2,6.4E0,-1.2E1));
#1632=DIRECTION('',(0.E0,1.E0,0.E0));
#1633=DIRECTION('',(1.E0,0.E0,0.E0));
#1634=AXIS2_PLACEMENT_3D('',#1631,#1632,#1633);
#1635=CYLINDRICAL_SURFACE('',#1634,1.55E0);
#1636=ORIENTED_EDGE('',*,*,#1204,.T.);
#1638=ORIENTED_EDGE('',*,*,#1637,.F.);
#1639=ORIENTED_EDGE('',*,*,#1402,.F.);
#1641=ORIENTED_EDGE('',*,*,#1640,.T.);
#1642=EDGE_LOOP('',(#1636,#1638,#1639,#1641));
#1643=FACE_OUTER_BOUND('',#1642,.F.);
#1644=ADVANCED_FACE('',(#1643),#1635,.F.);
#1645=CARTESIAN_POINT('',(1.15E2,6.4E0,-1.2E1));
#1646=DIRECTION('',(0.E0,1.E0,0.E0));
#1647=DIRECTION('',(1.E0,0.E0,0.E0));
#1648=AXIS2_PLACEMENT_3D('',#1645,#1646,#1647);
#1649=CYLINDRICAL_SURFACE('',#1648,1.55E0);
#1650=ORIENTED_EDGE('',*,*,#1206,.T.);
#1651=ORIENTED_EDGE('',*,*,#1640,.F.);
#1652=ORIENTED_EDGE('',*,*,#1404,.F.);
#1653=ORIENTED_EDGE('',*,*,#1637,.T.);
#1654=EDGE_LOOP('',(#1650,#1651,#1652,#1653));
#1655=FACE_OUTER_BOUND('',#1654,.F.);
#1656=ADVANCED_FACE('',(#1655),#1649,.F.);
#1657=CARTESIAN_POINT('',(1.15E2,6.4E0,1.2E1));
#1658=DIRECTION('',(0.E0,1.E0,0.E0));
#1659=DIRECTION('',(1.E0,0.E0,0.E0));
#1660=AXIS2_PLACEMENT_3D('',#1657,#1658,#1659);
#1661=CYLINDRICAL_SURFACE('',#1660,1.55E0);
#1662=ORIENTED_EDGE('',*,*,#1210,.T.);
#1664=ORIENTED_EDGE('',*,*,#1663,.F.);
#1665=ORIENTED_EDGE('',*,*,#1408,.F.);
#1667=ORIENTED_EDGE('',*,*,#1666,.T.);
#1668=EDGE_LOOP('',(#1662,#1664,#1665,#1667));
#1669=FACE_OUTER_BOUND('',#1668,.F.);
#1670=ADVANCED_FACE('',(#1669),#1661,.F.);
#1671=CARTESIAN_POINT('',(1.15E2,6.4E0,1.2E1));
#1672=DIRECTION('',(0.E0,1.E0,0.E0));
#1673=DIRECTION('',(1.E0,0.E0,0.E0));
#1674=AXIS2_PLACEMENT_3D('',#1671,#1672,#1673);
#1675=CYLINDRICAL_SURFACE('',#1674,1.55E0);
#1676=ORIENTED_EDGE('',*,*,#1212,.T.);
#1677=ORIENTED_EDGE('',*,*,#1666,.F.);
#1678=ORIENTED_EDGE('',*,*,#1410,.F.);
#1679=ORIENTED_EDGE('',*,*,#1663,.T.);
#1680=EDGE_LOOP('',(#1676,#1677,#1678,#1679));
#1681=FACE_OUTER_BOUND('',#1680,.F.);
#1682=ADVANCED_FACE('',(#1681),#1675,.F.);
#1683=CARTESIAN_POINT('',(1.15E2,6.4E0,0.E0));
#1684=DIRECTION('',(0.E0,1.E0,0.E0));
#1685=DIRECTION('',(1.E0,0.E0,0.E0));
#1686=AXIS2_PLACEMENT_3D('',#1683,#1684,#1685);
#1687=CYLINDRICAL_SURFACE('',#1686,1.905E0);
#1688=ORIENTED_EDGE('',*,*,#1216,.T.);
#1690=ORIENTED_EDGE('',*,*,#1689,.F.);
#1691=ORIENTED_EDGE('',*,*,#1414,.F.);
#1693=ORIENTED_EDGE('',*,*,#1692,.T.);
#1694=EDGE_LOOP('',(#1688,#1690,#1691,#1693));
#1695=FACE_OUTER_BOUND('',#1694,.F.);
#1696=ADVANCED_FACE('',(#1695),#1687,.F.);
#1697=CARTESIAN_POINT('',(1.15E2,6.4E0,0.E0));
#1698=DIRECTION('',(0.E0,1.E0,0.E0));
#1699=DIRECTION('',(1.E0,0.E0,0.E0));
#1700=AXIS2_PLACEMENT_3D('',#1697,#1698,#1699);
#1701=CYLINDRICAL_SURFACE('',#1700,1.905E0);
#1702=ORIENTED_EDGE('',*,*,#1218,.T.);
#1703=ORIENTED_EDGE('',*,*,#1692,.F.);
#1704=ORIENTED_EDGE('',*,*,#1416,.F.);
#1705=ORIENTED_EDGE('',*,*,#1689,.T.);
#1706=EDGE_LOOP('',(#1702,#1703,#1704,#1705));
#1707=FACE_OUTER_BOUND('',#1706,.F.);
#1708=ADVANCED_FACE('',(#1707),#1701,.F.);
#1709=CARTESIAN_POINT('',(-1.15E2,6.4E0,-1.2E1));
#1710=DIRECTION('',(0.E0,1.E0,0.E0));
#1711=DIRECTION('',(1.E0,0.E0,0.E0));
#1712=AXIS2_PLACEMENT_3D('',#1709,#1710,#1711);
#1713=CYLINDRICAL_SURFACE('',#1712,1.55E0);
#1714=ORIENTED_EDGE('',*,*,#1222,.T.);
#1716=ORIENTED_EDGE('',*,*,#1715,.F.);
#1717=ORIENTED_EDGE('',*,*,#1420,.F.);
#1719=ORIENTED_EDGE('',*,*,#1718,.T.);
#1720=EDGE_LOOP('',(#1714,#1716,#1717,#1719));
#1721=FACE_OUTER_BOUND('',#1720,.F.);
#1722=ADVANCED_FACE('',(#1721),#1713,.F.);
#1723=CARTESIAN_POINT('',(-1.15E2,6.4E0,-1.2E1));
#1724=DIRECTION('',(0.E0,1.E0,0.E0));
#1725=DIRECTION('',(1.E0,0.E0,0.E0));
#1726=AXIS2_PLACEMENT_3D('',#1723,#1724,#1725);
#1727=CYLINDRICAL_SURFACE('',#1726,1.55E0);
#1728=ORIENTED_EDGE('',*,*,#1224,.T.);
#1729=ORIENTED_EDGE('',*,*,#1718,.F.);
#1730=ORIENTED_EDGE('',*,*,#1422,.F.);
#1731=ORIENTED_EDGE('',*,*,#1715,.T.);
#1732=EDGE_LOOP('',(#1728,#1729,#1730,#1731));
#1733=FACE_OUTER_BOUND('',#1732,.F.);
#1734=ADVANCED_FACE('',(#1733),#1727,.F.);
#1735=CARTESIAN_POINT('',(-1.15E2,6.4E0,0.E0));
#1736=DIRECTION('',(0.E0,1.E0,0.E0));
#1737=DIRECTION('',(1.E0,0.E0,0.E0));
#1738=AXIS2_PLACEMENT_3D('',#1735,#1736,#1737);
#1739=CYLINDRICAL_SURFACE('',#1738,1.905E0);
#1740=ORIENTED_EDGE('',*,*,#1228,.T.);
#1742=ORIENTED_EDGE('',*,*,#1741,.F.);
#1743=ORIENTED_EDGE('',*,*,#1426,.F.);
#1745=ORIENTED_EDGE('',*,*,#1744,.T.);
#1746=EDGE_LOOP('',(#1740,#1742,#1743,#1745));
#1747=FACE_OUTER_BOUND('',#1746,.F.);
#1748=ADVANCED_FACE('',(#1747),#1739,.F.);
#1749=CARTESIAN_POINT('',(-1.15E2,6.4E0,0.E0));
#1750=DIRECTION('',(0.E0,1.E0,0.E0));
#1751=DIRECTION('',(1.E0,0.E0,0.E0));
#1752=AXIS2_PLACEMENT_3D('',#1749,#1750,#1751);
#1753=CYLINDRICAL_SURFACE('',#1752,1.905E0);
#1754=ORIENTED_EDGE('',*,*,#1230,.T.);
#1755=ORIENTED_EDGE('',*,*,#1744,.F.);
#1756=ORIENTED_EDGE('',*,*,#1428,.F.);
#1757=ORIENTED_EDGE('',*,*,#1741,.T.);
#1758=EDGE_LOOP('',(#1754,#1755,#1756,#1757));
#1759=FACE_OUTER_BOUND('',#1758,.F.);
#1760=ADVANCED_FACE('',(#1759),#1753,.F.);
#1761=CARTESIAN_POINT('',(-1.15E2,6.4E0,1.2E1));
#1762=DIRECTION('',(0.E0,1.E0,0.E0));
#1763=DIRECTION('',(1.E0,0.E0,0.E0));
#1764=AXIS2_PLACEMENT_3D('',#1761,#1762,#1763);
#1765=CYLINDRICAL_SURFACE('',#1764,1.55E0);
#1766=ORIENTED_EDGE('',*,*,#1234,.T.);
#1768=ORIENTED_EDGE('',*,*,#1767,.F.);
#1769=ORIENTED_EDGE('',*,*,#1432,.F.);
#1771=ORIENTED_EDGE('',*,*,#1770,.T.);
#1772=EDGE_LOOP('',(#1766,#1768,#1769,#1771));
#1773=FACE_OUTER_BOUND('',#1772,.F.);
#1774=ADVANCED_FACE('',(#1773),#1765,.F.);
#1775=CARTESIAN_POINT('',(-1.15E2,6.4E0,1.2E1));
#1776=DIRECTION('',(0.E0,1.E0,0.E0));
#1777=DIRECTION('',(1.E0,0.E0,0.E0));
#1778=AXIS2_PLACEMENT_3D('',#1775,#1776,#1777);
#1779=CYLINDRICAL_SURFACE('',#1778,1.55E0);
#1780=ORIENTED_EDGE('',*,*,#1236,.T.);
#1781=ORIENTED_EDGE('',*,*,#1770,.F.);
#1782=ORIENTED_EDGE('',*,*,#1434,.F.);
#1783=ORIENTED_EDGE('',*,*,#1767,.T.);
#1784=EDGE_LOOP('',(#1780,#1781,#1782,#1783));
#1785=FACE_OUTER_BOUND('',#1784,.F.);
#1786=ADVANCED_FACE('',(#1785),#1779,.F.);
#1787=CARTESIAN_POINT('',(-2.35E0,-8.34304E0,-2.825442443229E0));
#1788=DIRECTION('',(0.E0,1.E0,0.E0));
#1789=DIRECTION('',(-1.E0,0.E0,0.E0));
#1790=AXIS2_PLACEMENT_3D('',#1787,#1788,#1789);
#1791=CYLINDRICAL_SURFACE('',#1790,5.E-1);
#1792=ORIENTED_EDGE('',*,*,#1438,.T.);
#1794=ORIENTED_EDGE('',*,*,#1793,.F.);
#1795=ORIENTED_EDGE('',*,*,#1240,.T.);
#1797=ORIENTED_EDGE('',*,*,#1796,.T.);
#1798=EDGE_LOOP('',(#1792,#1794,#1795,#1797));
#1799=FACE_OUTER_BOUND('',#1798,.F.);
#1800=ADVANCED_FACE('',(#1799),#1791,.T.);
#1801=CARTESIAN_POINT('',(0.E0,6.4E0,0.E0));
#1802=DIRECTION('',(0.E0,1.E0,0.E0));
#1803=DIRECTION('',(1.E0,0.E0,0.E0));
#1804=AXIS2_PLACEMENT_3D('',#1801,#1802,#1803);
#1805=CYLINDRICAL_SURFACE('',#1804,3.175E0);
#1806=ORIENTED_EDGE('',*,*,#1793,.T.);
#1807=ORIENTED_EDGE('',*,*,#1468,.F.);
#1809=ORIENTED_EDGE('',*,*,#1808,.T.);
#1810=ORIENTED_EDGE('',*,*,#1242,.T.);
#1811=EDGE_LOOP('',(#1806,#1807,#1809,#1810));
#1812=FACE_OUTER_BOUND('',#1811,.F.);
#1813=ADVANCED_FACE('',(#1812),#1805,.F.);
#1814=CARTESIAN_POINT('',(2.35E0,1.474304E1,-2.825442443229E0));
#1815=DIRECTION('',(0.E0,-1.E0,0.E0));
#1816=DIRECTION('',(1.E0,0.E0,0.E0));
#1817=AXIS2_PLACEMENT_3D('',#1814,#1815,#1816);
#1818=CYLINDRICAL_SURFACE('',#1817,5.E-1);
#1819=ORIENTED_EDGE('',*,*,#1244,.T.);
#1820=ORIENTED_EDGE('',*,*,#1808,.F.);
#1821=ORIENTED_EDGE('',*,*,#1466,.T.);
#1823=ORIENTED_EDGE('',*,*,#1822,.T.);
#1824=EDGE_LOOP('',(#1819,#1820,#1821,#1823));
#1825=FACE_OUTER_BOUND('',#1824,.F.);
#1826=ADVANCED_FACE('',(#1825),#1818,.T.);
#1827=CARTESIAN_POINT('',(2.85E0,6.4E0,-7.5E0));
#1828=DIRECTION('',(-1.E0,0.E0,0.E0));
#1829=DIRECTION('',(0.E0,0.E0,1.E0));
#1830=AXIS2_PLACEMENT_3D('',#1827,#1828,#1829);
#1831=PLANE('',#1830);
#1832=ORIENTED_EDGE('',*,*,#1822,.F.);
#1833=ORIENTED_EDGE('',*,*,#1464,.F.);
#1835=ORIENTED_EDGE('',*,*,#1834,.T.);
#1836=ORIENTED_EDGE('',*,*,#1246,.T.);
#1837=EDGE_LOOP('',(#1832,#1833,#1835,#1836));
#1838=FACE_OUTER_BOUND('',#1837,.F.);
#1839=ADVANCED_FACE('',(#1838),#1831,.F.);
#1840=CARTESIAN_POINT('',(2.85E0,6.4E0,-7.5E0));
#1841=DIRECTION('',(-1.E0,0.E0,0.E0));
#1842=DIRECTION('',(0.E0,0.E0,1.E0));
#1843=AXIS2_PLACEMENT_3D('',#1840,#1841,#1842);
#1844=PLANE('',#1843);
#1846=ORIENTED_EDGE('',*,*,#1845,.F.);
#1847=ORIENTED_EDGE('',*,*,#1254,.T.);
#1849=ORIENTED_EDGE('',*,*,#1848,.F.);
#1850=ORIENTED_EDGE('',*,*,#1456,.F.);
#1851=EDGE_LOOP('',(#1846,#1847,#1849,#1850));
#1852=FACE_OUTER_BOUND('',#1851,.F.);
#1853=ADVANCED_FACE('',(#1852),#1844,.F.);
#1854=CARTESIAN_POINT('',(1.27E1,6.4E0,-7.5E0));
#1855=DIRECTION('',(0.E0,0.E0,-1.E0));
#1856=DIRECTION('',(-1.E0,0.E0,0.E0));
#1857=AXIS2_PLACEMENT_3D('',#1854,#1855,#1856);
#1858=PLANE('',#1857);
#1859=ORIENTED_EDGE('',*,*,#1248,.T.);
#1860=ORIENTED_EDGE('',*,*,#1834,.F.);
#1861=ORIENTED_EDGE('',*,*,#1462,.F.);
#1863=ORIENTED_EDGE('',*,*,#1862,.T.);
#1864=EDGE_LOOP('',(#1859,#1860,#1861,#1863));
#1865=FACE_OUTER_BOUND('',#1864,.F.);
#1866=ADVANCED_FACE('',(#1865),#1858,.F.);
#1867=CARTESIAN_POINT('',(1.27E1,6.4E0,7.5E0));
#1868=DIRECTION('',(1.E0,0.E0,0.E0));
#1869=DIRECTION('',(0.E0,0.E0,-1.E0));
#1870=AXIS2_PLACEMENT_3D('',#1867,#1868,#1869);
#1871=PLANE('',#1870);
#1872=ORIENTED_EDGE('',*,*,#1250,.T.);
#1873=ORIENTED_EDGE('',*,*,#1862,.F.);
#1874=ORIENTED_EDGE('',*,*,#1460,.F.);
#1876=ORIENTED_EDGE('',*,*,#1875,.T.);
#1877=EDGE_LOOP('',(#1872,#1873,#1874,#1876));
#1878=FACE_OUTER_BOUND('',#1877,.F.);
#1879=ADVANCED_FACE('',(#1878),#1871,.F.);
#1880=CARTESIAN_POINT('',(2.85E0,6.4E0,7.5E0));
#1881=DIRECTION('',(0.E0,0.E0,1.E0));
#1882=DIRECTION('',(1.E0,0.E0,0.E0));
#1883=AXIS2_PLACEMENT_3D('',#1880,#1881,#1882);
#1884=PLANE('',#1883);
#1885=ORIENTED_EDGE('',*,*,#1252,.T.);
#1886=ORIENTED_EDGE('',*,*,#1875,.F.);
#1887=ORIENTED_EDGE('',*,*,#1458,.F.);
#1888=ORIENTED_EDGE('',*,*,#1848,.T.);
#1889=EDGE_LOOP('',(#1885,#1886,#1887,#1888));
#1890=FACE_OUTER_BOUND('',#1889,.F.);
#1891=ADVANCED_FACE('',(#1890),#1884,.F.);
#1892=CARTESIAN_POINT('',(2.35E0,-8.34304E0,2.825442443229E0));
#1893=DIRECTION('',(0.E0,1.E0,0.E0));
#1894=DIRECTION('',(1.E0,0.E0,0.E0));
#1895=AXIS2_PLACEMENT_3D('',#1892,#1893,#1894);
#1896=CYLINDRICAL_SURFACE('',#1895,5.E-1);
#1897=ORIENTED_EDGE('',*,*,#1454,.T.);
#1899=ORIENTED_EDGE('',*,*,#1898,.F.);
#1900=ORIENTED_EDGE('',*,*,#1256,.T.);
#1901=ORIENTED_EDGE('',*,*,#1845,.T.);
#1902=EDGE_LOOP('',(#1897,#1899,#1900,#1901));
#1903=FACE_OUTER_BOUND('',#1902,.F.);
#1904=ADVANCED_FACE('',(#1903),#1896,.T.);
#1905=CARTESIAN_POINT('',(0.E0,6.4E0,0.E0));
#1906=DIRECTION('',(0.E0,1.E0,0.E0));
#1907=DIRECTION('',(1.E0,0.E0,0.E0));
#1908=AXIS2_PLACEMENT_3D('',#1905,#1906,#1907);
#1909=CYLINDRICAL_SURFACE('',#1908,3.175E0);
#1910=ORIENTED_EDGE('',*,*,#1898,.T.);
#1911=ORIENTED_EDGE('',*,*,#1452,.F.);
#1913=ORIENTED_EDGE('',*,*,#1912,.T.);
#1914=ORIENTED_EDGE('',*,*,#1258,.T.);
#1915=EDGE_LOOP('',(#1910,#1911,#1913,#1914));
#1916=FACE_OUTER_BOUND('',#1915,.F.);
#1917=ADVANCED_FACE('',(#1916),#1909,.F.);
#1918=CARTESIAN_POINT('',(-2.35E0,1.474304E1,2.825442443229E0));
#1919=DIRECTION('',(0.E0,-1.E0,0.E0));
#1920=DIRECTION('',(-1.E0,0.E0,0.E0));
#1921=AXIS2_PLACEMENT_3D('',#1918,#1919,#1920);
#1922=CYLINDRICAL_SURFACE('',#1921,5.E-1);
#1923=ORIENTED_EDGE('',*,*,#1260,.T.);
#1924=ORIENTED_EDGE('',*,*,#1912,.F.);
#1925=ORIENTED_EDGE('',*,*,#1450,.T.);
#1927=ORIENTED_EDGE('',*,*,#1926,.T.);
#1928=EDGE_LOOP('',(#1923,#1924,#1925,#1927));
#1929=FACE_OUTER_BOUND('',#1928,.F.);
#1930=ADVANCED_FACE('',(#1929),#1922,.T.);
#1931=CARTESIAN_POINT('',(-2.85E0,6.4E0,7.5E0));
#1932=DIRECTION('',(1.E0,0.E0,0.E0));
#1933=DIRECTION('',(0.E0,0.E0,-1.E0));
#1934=AXIS2_PLACEMENT_3D('',#1931,#1932,#1933);
#1935=PLANE('',#1934);
#1936=ORIENTED_EDGE('',*,*,#1796,.F.);
#1937=ORIENTED_EDGE('',*,*,#1270,.T.);
#1939=ORIENTED_EDGE('',*,*,#1938,.F.);
#1940=ORIENTED_EDGE('',*,*,#1440,.F.);
#1941=EDGE_LOOP('',(#1936,#1937,#1939,#1940));
#1942=FACE_OUTER_BOUND('',#1941,.F.);
#1943=ADVANCED_FACE('',(#1942),#1935,.F.);
#1944=CARTESIAN_POINT('',(-2.85E0,6.4E0,7.5E0));
#1945=DIRECTION('',(1.E0,0.E0,0.E0));
#1946=DIRECTION('',(0.E0,0.E0,-1.E0));
#1947=AXIS2_PLACEMENT_3D('',#1944,#1945,#1946);
#1948=PLANE('',#1947);
#1949=ORIENTED_EDGE('',*,*,#1926,.F.);
#1950=ORIENTED_EDGE('',*,*,#1448,.F.);
#1952=ORIENTED_EDGE('',*,*,#1951,.T.);
#1953=ORIENTED_EDGE('',*,*,#1262,.T.);
#1954=EDGE_LOOP('',(#1949,#1950,#1952,#1953));
#1955=FACE_OUTER_BOUND('',#1954,.F.);
#1956=ADVANCED_FACE('',(#1955),#1948,.F.);
#1957=CARTESIAN_POINT('',(-2.85E0,6.4E0,-7.5E0));
#1958=DIRECTION('',(0.E0,0.E0,-1.E0));
#1959=DIRECTION('',(-1.E0,0.E0,0.E0));
#1960=AXIS2_PLACEMENT_3D('',#1957,#1958,#1959);
#1961=PLANE('',#1960);
#1962=ORIENTED_EDGE('',*,*,#1268,.T.);
#1964=ORIENTED_EDGE('',*,*,#1963,.F.);
#1965=ORIENTED_EDGE('',*,*,#1442,.F.);
#1966=ORIENTED_EDGE('',*,*,#1938,.T.);
#1967=EDGE_LOOP('',(#1962,#1964,#1965,#1966));
#1968=FACE_OUTER_BOUND('',#1967,.F.);
#1969=ADVANCED_FACE('',(#1968),#1961,.F.);
#1970=CARTESIAN_POINT('',(-1.27E1,6.4E0,-7.5E0));
#1971=DIRECTION('',(-1.E0,0.E0,0.E0));
#1972=DIRECTION('',(0.E0,0.E0,1.E0));
#1973=AXIS2_PLACEMENT_3D('',#1970,#1971,#1972);
#1974=PLANE('',#1973);
#1975=ORIENTED_EDGE('',*,*,#1266,.T.);
#1977=ORIENTED_EDGE('',*,*,#1976,.F.);
#1978=ORIENTED_EDGE('',*,*,#1444,.F.);
#1979=ORIENTED_EDGE('',*,*,#1963,.T.);
#1980=EDGE_LOOP('',(#1975,#1977,#1978,#1979));
#1981=FACE_OUTER_BOUND('',#1980,.F.);
#1982=ADVANCED_FACE('',(#1981),#1974,.F.);
#1983=CARTESIAN_POINT('',(-1.27E1,6.4E0,7.5E0));
#1984=DIRECTION('',(0.E0,0.E0,1.E0));
#1985=DIRECTION('',(1.E0,0.E0,0.E0));
#1986=AXIS2_PLACEMENT_3D('',#1983,#1984,#1985);
#1987=PLANE('',#1986);
#1988=ORIENTED_EDGE('',*,*,#1264,.T.);
#1989=ORIENTED_EDGE('',*,*,#1951,.F.);
#1990=ORIENTED_EDGE('',*,*,#1446,.F.);
#1991=ORIENTED_EDGE('',*,*,#1976,.T.);
#1992=EDGE_LOOP('',(#1988,#1989,#1990,#1991));
#1993=FACE_OUTER_BOUND('',#1992,.F.);
#1994=ADVANCED_FACE('',(#1993),#1987,.F.);
#1995=CARTESIAN_POINT('',(-3.E1,6.4E0,-1.2E1));
#1996=DIRECTION('',(0.E0,1.E0,0.E0));
#1997=DIRECTION('',(1.E0,0.E0,0.E0));
#1998=AXIS2_PLACEMENT_3D('',#1995,#1996,#1997);
#1999=CYLINDRICAL_SURFACE('',#1998,1.55E0);
#2000=ORIENTED_EDGE('',*,*,#1274,.T.);
#2002=ORIENTED_EDGE('',*,*,#2001,.F.);
#2003=ORIENTED_EDGE('',*,*,#1472,.F.);
#2005=ORIENTED_EDGE('',*,*,#2004,.T.);
#2006=EDGE_LOOP('',(#2000,#2002,#2003,#2005));
#2007=FACE_OUTER_BOUND('',#2006,.F.);
#2008=ADVANCED_FACE('',(#2007),#1999,.F.);
#2009=CARTESIAN_POINT('',(-3.E1,6.4E0,-1.2E1));
#2010=DIRECTION('',(0.E0,1.E0,0.E0));
#2011=DIRECTION('',(1.E0,0.E0,0.E0));
#2012=AXIS2_PLACEMENT_3D('',#2009,#2010,#2011);
#2013=CYLINDRICAL_SURFACE('',#2012,1.55E0);
#2014=ORIENTED_EDGE('',*,*,#1276,.T.);
#2015=ORIENTED_EDGE('',*,*,#2004,.F.);
#2016=ORIENTED_EDGE('',*,*,#1474,.F.);
#2017=ORIENTED_EDGE('',*,*,#2001,.T.);
#2018=EDGE_LOOP('',(#2014,#2015,#2016,#2017));
#2019=FACE_OUTER_BOUND('',#2018,.F.);
#2020=ADVANCED_FACE('',(#2019),#2013,.F.);
#2021=CARTESIAN_POINT('',(3.E1,6.4E0,-1.2E1));
#2022=DIRECTION('',(0.E0,1.E0,0.E0));
#2023=DIRECTION('',(1.E0,0.E0,0.E0));
#2024=AXIS2_PLACEMENT_3D('',#2021,#2022,#2023);
#2025=CYLINDRICAL_SURFACE('',#2024,1.55E0);
#2026=ORIENTED_EDGE('',*,*,#1280,.T.);
#2028=ORIENTED_EDGE('',*,*,#2027,.F.);
#2029=ORIENTED_EDGE('',*,*,#1478,.F.);
#2031=ORIENTED_EDGE('',*,*,#2030,.T.);
#2032=EDGE_LOOP('',(#2026,#2028,#2029,#2031));
#2033=FACE_OUTER_BOUND('',#2032,.F.);
#2034=ADVANCED_FACE('',(#2033),#2025,.F.);
#2035=CARTESIAN_POINT('',(3.E1,6.4E0,-1.2E1));
#2036=DIRECTION('',(0.E0,1.E0,0.E0));
#2037=DIRECTION('',(1.E0,0.E0,0.E0));
#2038=AXIS2_PLACEMENT_3D('',#2035,#2036,#2037);
#2039=CYLINDRICAL_SURFACE('',#2038,1.55E0);
#2040=ORIENTED_EDGE('',*,*,#1282,.T.);
#2041=ORIENTED_EDGE('',*,*,#2030,.F.);
#2042=ORIENTED_EDGE('',*,*,#1480,.F.);
#2043=ORIENTED_EDGE('',*,*,#2027,.T.);
#2044=EDGE_LOOP('',(#2040,#2041,#2042,#2043));
#2045=FACE_OUTER_BOUND('',#2044,.F.);
#2046=ADVANCED_FACE('',(#2045),#2039,.F.);
#2047=CARTESIAN_POINT('',(3.E1,6.4E0,1.2E1));
#2048=DIRECTION('',(0.E0,1.E0,0.E0));
#2049=DIRECTION('',(1.E0,0.E0,0.E0));
#2050=AXIS2_PLACEMENT_3D('',#2047,#2048,#2049);
#2051=CYLINDRICAL_SURFACE('',#2050,1.55E0);
#2052=ORIENTED_EDGE('',*,*,#1286,.T.);
#2054=ORIENTED_EDGE('',*,*,#2053,.F.);
#2055=ORIENTED_EDGE('',*,*,#1484,.F.);
#2057=ORIENTED_EDGE('',*,*,#2056,.T.);
#2058=EDGE_LOOP('',(#2052,#2054,#2055,#2057));
#2059=FACE_OUTER_BOUND('',#2058,.F.);
#2060=ADVANCED_FACE('',(#2059),#2051,.F.);
#2061=CARTESIAN_POINT('',(3.E1,6.4E0,1.2E1));
#2062=DIRECTION('',(0.E0,1.E0,0.E0));
#2063=DIRECTION('',(1.E0,0.E0,0.E0));
#2064=AXIS2_PLACEMENT_3D('',#2061,#2062,#2063);
#2065=CYLINDRICAL_SURFACE('',#2064,1.55E0);
#2066=ORIENTED_EDGE('',*,*,#1288,.T.);
#2067=ORIENTED_EDGE('',*,*,#2056,.F.);
#2068=ORIENTED_EDGE('',*,*,#1486,.F.);
#2069=ORIENTED_EDGE('',*,*,#2053,.T.);
#2070=EDGE_LOOP('',(#2066,#2067,#2068,#2069));
#2071=FACE_OUTER_BOUND('',#2070,.F.);
#2072=ADVANCED_FACE('',(#2071),#2065,.F.);
#2073=CARTESIAN_POINT('',(-3.E1,6.4E0,1.2E1));
#2074=DIRECTION('',(0.E0,1.E0,0.E0));
#2075=DIRECTION('',(1.E0,0.E0,0.E0));
#2076=AXIS2_PLACEMENT_3D('',#2073,#2074,#2075);
#2077=CYLINDRICAL_SURFACE('',#2076,1.55E0);
#2078=ORIENTED_EDGE('',*,*,#1292,.T.);
#2080=ORIENTED_EDGE('',*,*,#2079,.F.);
#2081=ORIENTED_EDGE('',*,*,#1490,.F.);
#2083=ORIENTED_EDGE('',*,*,#2082,.T.);
#2084=EDGE_LOOP('',(#2078,#2080,#2081,#2083));
#2085=FACE_OUTER_BOUND('',#2084,.F.);
#2086=ADVANCED_FACE('',(#2085),#2077,.F.);
#2087=CARTESIAN_POINT('',(-3.E1,6.4E0,1.2E1));
#2088=DIRECTION('',(0.E0,1.E0,0.E0));
#2089=DIRECTION('',(1.E0,0.E0,0.E0));
#2090=AXIS2_PLACEMENT_3D('',#2087,#2088,#2089);
#2091=CYLINDRICAL_SURFACE('',#2090,1.55E0);
#2092=ORIENTED_EDGE('',*,*,#1294,.T.);
#2093=ORIENTED_EDGE('',*,*,#2082,.F.);
#2094=ORIENTED_EDGE('',*,*,#1492,.F.);
#2095=ORIENTED_EDGE('',*,*,#2079,.T.);
#2096=EDGE_LOOP('',(#2092,#2093,#2094,#2095));
#2097=FACE_OUTER_BOUND('',#2096,.F.);
#2098=ADVANCED_FACE('',(#2097),#2091,.F.);
#2099=CARTESIAN_POINT('',(1.2175E2,3.2E0,-6.75E0));
#2100=DIRECTION('',(7.071067811865E-1,0.E0,7.071067811865E-1));
#2101=DIRECTION('',(-7.071067811865E-1,0.E0,7.071067811865E-1));
#2102=AXIS2_PLACEMENT_3D('',#2099,#2100,#2101);
#2103=PLANE('',#2102);
#2104=ORIENTED_EDGE('',*,*,#1140,.T.);
#2106=ORIENTED_EDGE('',*,*,#2105,.F.);
#2107=ORIENTED_EDGE('',*,*,#1338,.T.);
#2109=ORIENTED_EDGE('',*,*,#2108,.T.);
#2110=EDGE_LOOP('',(#2104,#2106,#2107,#2109));
#2111=FACE_OUTER_BOUND('',#2110,.F.);
#2112=ADVANCED_FACE('',(#2111),#2103,.T.);
#2113=CARTESIAN_POINT('',(1.21E2,6.4E0,-6.E0));
#2114=DIRECTION('',(-1.E0,0.E0,0.E0));
#2115=DIRECTION('',(0.E0,0.E0,1.E0));
#2116=AXIS2_PLACEMENT_3D('',#2113,#2114,#2115);
#2117=PLANE('',#2116);
#2118=ORIENTED_EDGE('',*,*,#2105,.T.);
#2119=ORIENTED_EDGE('',*,*,#1170,.T.);
#2121=ORIENTED_EDGE('',*,*,#2120,.T.);
#2122=ORIENTED_EDGE('',*,*,#1340,.F.);
#2123=EDGE_LOOP('',(#2118,#2119,#2121,#2122));
#2124=FACE_OUTER_BOUND('',#2123,.F.);
#2125=ADVANCED_FACE('',(#2124),#2117,.F.);
#2126=CARTESIAN_POINT('',(1.2175E2,3.2E0,6.75E0));
#2127=DIRECTION('',(7.071067811865E-1,0.E0,-7.071067811865E-1));
#2128=DIRECTION('',(-7.071067811865E-1,0.E0,-7.071067811865E-1));
#2129=AXIS2_PLACEMENT_3D('',#2126,#2127,#2128);
#2130=PLANE('',#2129);
#2131=ORIENTED_EDGE('',*,*,#1342,.T.);
#2132=ORIENTED_EDGE('',*,*,#2120,.F.);
#2133=ORIENTED_EDGE('',*,*,#1168,.T.);
#2135=ORIENTED_EDGE('',*,*,#2134,.T.);
#2136=EDGE_LOOP('',(#2131,#2132,#2133,#2135));
#2137=FACE_OUTER_BOUND('',#2136,.F.);
#2138=ADVANCED_FACE('',(#2137),#2130,.T.);
#2139=CARTESIAN_POINT('',(1.225E2,0.E0,1.E1));
#2140=DIRECTION('',(1.E0,0.E0,0.E0));
#2141=DIRECTION('',(0.E0,0.E0,-1.E0));
#2142=AXIS2_PLACEMENT_3D('',#2139,#2140,#2141);
#2143=PLANE('',#2142);
#2144=ORIENTED_EDGE('',*,*,#2108,.F.);
#2145=ORIENTED_EDGE('',*,*,#1368,.T.);
#2147=ORIENTED_EDGE('',*,*,#2146,.F.);
#2148=ORIENTED_EDGE('',*,*,#1142,.F.);
#2149=EDGE_LOOP('',(#2144,#2145,#2147,#2148));
#2150=FACE_OUTER_BOUND('',#2149,.F.);
#2151=ADVANCED_FACE('',(#2150),#2143,.T.);
#2152=CARTESIAN_POINT('',(1.225E2,0.E0,1.E1));
#2153=DIRECTION('',(1.E0,0.E0,0.E0));
#2154=DIRECTION('',(0.E0,0.E0,-1.E0));
#2155=AXIS2_PLACEMENT_3D('',#2152,#2153,#2154);
#2156=PLANE('',#2155);
#2157=ORIENTED_EDGE('',*,*,#2134,.F.);
#2158=ORIENTED_EDGE('',*,*,#1166,.F.);
#2160=ORIENTED_EDGE('',*,*,#2159,.T.);
#2161=ORIENTED_EDGE('',*,*,#1344,.T.);
#2162=EDGE_LOOP('',(#2157,#2158,#2160,#2161));
#2163=FACE_OUTER_BOUND('',#2162,.F.);
#2164=ADVANCED_FACE('',(#2163),#2156,.T.);
#2165=CARTESIAN_POINT('',(1.175E2,0.E0,-1.E1));
#2166=DIRECTION('',(0.E0,-1.E0,0.E0));
#2167=DIRECTION('',(-1.E0,0.E0,0.E0));
#2168=AXIS2_PLACEMENT_3D('',#2165,#2166,#2167);
#2170=DIRECTION('',(0.E0,1.E0,0.E0));
#2171=VECTOR('',#2170,1.E0);
#2172=SURFACE_OF_LINEAR_EXTRUSION('',#2169,#2171);
#2173=ORIENTED_EDGE('',*,*,#1144,.F.);
#2174=ORIENTED_EDGE('',*,*,#2146,.T.);
#2175=ORIENTED_EDGE('',*,*,#1366,.T.);
#2177=ORIENTED_EDGE('',*,*,#2176,.F.);
#2178=EDGE_LOOP('',(#2173,#2174,#2175,#2177));
#2179=FACE_OUTER_BOUND('',#2178,.F.);
#2180=ADVANCED_FACE('',(#2179),#2172,.F.);
#2181=CARTESIAN_POINT('',(1.175E2,0.E0,-2.E1));
#2182=DIRECTION('',(0.E0,0.E0,-1.E0));
#2183=DIRECTION('',(-1.E0,0.E0,0.E0));
#2184=AXIS2_PLACEMENT_3D('',#2181,#2182,#2183);
#2185=PLANE('',#2184);
#2186=ORIENTED_EDGE('',*,*,#1146,.F.);
#2187=ORIENTED_EDGE('',*,*,#2176,.T.);
#2188=ORIENTED_EDGE('',*,*,#1364,.T.);
#2190=ORIENTED_EDGE('',*,*,#2189,.F.);
#2191=EDGE_LOOP('',(#2186,#2187,#2188,#2190));
#2192=FACE_OUTER_BOUND('',#2191,.F.);
#2193=ADVANCED_FACE('',(#2192),#2185,.T.);
#2194=CARTESIAN_POINT('',(-1.175E2,0.E0,-1.E1));
#2195=DIRECTION('',(0.E0,-1.E0,0.E0));
#2196=DIRECTION('',(1.E0,0.E0,0.E0));
#2197=AXIS2_PLACEMENT_3D('',#2194,#2195,#2196);
#2199=DIRECTION('',(0.E0,1.E0,0.E0));
#2200=VECTOR('',#2199,1.E0);
#2201=SURFACE_OF_LINEAR_EXTRUSION('',#2198,#2200);
#2202=ORIENTED_EDGE('',*,*,#1148,.F.);
#2203=ORIENTED_EDGE('',*,*,#2189,.T.);
#2204=ORIENTED_EDGE('',*,*,#1362,.T.);
#2206=ORIENTED_EDGE('',*,*,#2205,.F.);
#2207=EDGE_LOOP('',(#2202,#2203,#2204,#2206));
#2208=FACE_OUTER_BOUND('',#2207,.F.);
#2209=ADVANCED_FACE('',(#2208),#2201,.F.);
#2210=CARTESIAN_POINT('',(-1.225E2,0.E0,-1.E1));
#2211=DIRECTION('',(-1.E0,0.E0,0.E0));
#2212=DIRECTION('',(0.E0,0.E0,1.E0));
#2213=AXIS2_PLACEMENT_3D('',#2210,#2211,#2212);
#2214=PLANE('',#2213);
#2216=ORIENTED_EDGE('',*,*,#2215,.F.);
#2217=ORIENTED_EDGE('',*,*,#1150,.F.);
#2218=ORIENTED_EDGE('',*,*,#2205,.T.);
#2219=ORIENTED_EDGE('',*,*,#1360,.T.);
#2220=EDGE_LOOP('',(#2216,#2217,#2218,#2219));
#2221=FACE_OUTER_BOUND('',#2220,.F.);
#2222=ADVANCED_FACE('',(#2221),#2214,.T.);
#2223=CARTESIAN_POINT('',(-1.225E2,0.E0,-1.E1));
#2224=DIRECTION('',(-1.E0,0.E0,0.E0));
#2225=DIRECTION('',(0.E0,0.E0,1.E0));
#2226=AXIS2_PLACEMENT_3D('',#2223,#2224,#2225);
#2227=PLANE('',#2226);
#2229=ORIENTED_EDGE('',*,*,#2228,.F.);
#2230=ORIENTED_EDGE('',*,*,#1352,.T.);
#2232=ORIENTED_EDGE('',*,*,#2231,.F.);
#2233=ORIENTED_EDGE('',*,*,#1158,.F.);
#2234=EDGE_LOOP('',(#2229,#2230,#2232,#2233));
#2235=FACE_OUTER_BOUND('',#2234,.F.);
#2236=ADVANCED_FACE('',(#2235),#2227,.T.);
#2237=CARTESIAN_POINT('',(-1.2175E2,3.2E0,-6.75E0));
#2238=DIRECTION('',(-7.071067811865E-1,0.E0,7.071067811865E-1));
#2239=DIRECTION('',(7.071067811865E-1,0.E0,7.071067811865E-1));
#2240=AXIS2_PLACEMENT_3D('',#2237,#2238,#2239);
#2241=PLANE('',#2240);
#2242=ORIENTED_EDGE('',*,*,#1358,.T.);
#2244=ORIENTED_EDGE('',*,*,#2243,.F.);
#2245=ORIENTED_EDGE('',*,*,#1152,.T.);
#2246=ORIENTED_EDGE('',*,*,#2215,.T.);
#2247=EDGE_LOOP('',(#2242,#2244,#2245,#2246));
#2248=FACE_OUTER_BOUND('',#2247,.F.);
#2249=ADVANCED_FACE('',(#2248),#2241,.T.);
#2250=CARTESIAN_POINT('',(-1.21E2,6.4E0,6.E0));
#2251=DIRECTION('',(1.E0,0.E0,0.E0));
#2252=DIRECTION('',(0.E0,0.E0,-1.E0));
#2253=AXIS2_PLACEMENT_3D('',#2250,#2251,#2252);
#2254=PLANE('',#2253);
#2255=ORIENTED_EDGE('',*,*,#2243,.T.);
#2256=ORIENTED_EDGE('',*,*,#1356,.F.);
#2258=ORIENTED_EDGE('',*,*,#2257,.T.);
#2259=ORIENTED_EDGE('',*,*,#1154,.T.);
#2260=EDGE_LOOP('',(#2255,#2256,#2258,#2259));
#2261=FACE_OUTER_BOUND('',#2260,.F.);
#2262=ADVANCED_FACE('',(#2261),#2254,.F.);
#2263=CARTESIAN_POINT('',(-1.2175E2,3.2E0,6.75E0));
#2264=DIRECTION('',(-7.071067811865E-1,0.E0,-7.071067811865E-1));
#2265=DIRECTION('',(7.071067811865E-1,0.E0,-7.071067811865E-1));
#2266=AXIS2_PLACEMENT_3D('',#2263,#2264,#2265);
#2267=PLANE('',#2266);
#2268=ORIENTED_EDGE('',*,*,#1156,.T.);
#2269=ORIENTED_EDGE('',*,*,#2257,.F.);
#2270=ORIENTED_EDGE('',*,*,#1354,.T.);
#2271=ORIENTED_EDGE('',*,*,#2228,.T.);
#2272=EDGE_LOOP('',(#2268,#2269,#2270,#2271));
#2273=FACE_OUTER_BOUND('',#2272,.F.);
#2274=ADVANCED_FACE('',(#2273),#2267,.T.);
#2275=CARTESIAN_POINT('',(-1.175E2,0.E0,1.E1));
#2276=DIRECTION('',(0.E0,-1.E0,0.E0));
#2277=DIRECTION('',(1.E0,0.E0,0.E0));
#2278=AXIS2_PLACEMENT_3D('',#2275,#2276,#2277);
#2280=DIRECTION('',(0.E0,1.E0,0.E0));
#2281=VECTOR('',#2280,1.E0);
#2282=SURFACE_OF_LINEAR_EXTRUSION('',#2279,#2281);
#2283=ORIENTED_EDGE('',*,*,#1160,.F.);
#2284=ORIENTED_EDGE('',*,*,#2231,.T.);
#2285=ORIENTED_EDGE('',*,*,#1350,.T.);
#2287=ORIENTED_EDGE('',*,*,#2286,.F.);
#2288=EDGE_LOOP('',(#2283,#2284,#2285,#2287));
#2289=FACE_OUTER_BOUND('',#2288,.F.);
#2290=ADVANCED_FACE('',(#2289),#2282,.F.);
#2291=CARTESIAN_POINT('',(-1.175E2,0.E0,2.E1));
#2292=DIRECTION('',(0.E0,0.E0,1.E0));
#2293=DIRECTION('',(1.E0,0.E0,0.E0));
#2294=AXIS2_PLACEMENT_3D('',#2291,#2292,#2293);
#2295=PLANE('',#2294);
#2296=ORIENTED_EDGE('',*,*,#1162,.F.);
#2297=ORIENTED_EDGE('',*,*,#2286,.T.);
#2298=ORIENTED_EDGE('',*,*,#1348,.T.);
#2300=ORIENTED_EDGE('',*,*,#2299,.F.);
#2301=EDGE_LOOP('',(#2296,#2297,#2298,#2300));
#2302=FACE_OUTER_BOUND('',#2301,.F.);
#2303=ADVANCED_FACE('',(#2302),#2295,.T.);
#2304=CARTESIAN_POINT('',(1.175E2,0.E0,1.E1));
#2305=DIRECTION('',(0.E0,-1.E0,0.E0));
#2306=DIRECTION('',(-1.E0,0.E0,0.E0));
#2307=AXIS2_PLACEMENT_3D('',#2304,#2305,#2306);
#2309=DIRECTION('',(0.E0,1.E0,0.E0));
#2310=VECTOR('',#2309,1.E0);
#2311=SURFACE_OF_LINEAR_EXTRUSION('',#2308,#2310);
#2312=ORIENTED_EDGE('',*,*,#1164,.F.);
#2313=ORIENTED_EDGE('',*,*,#2299,.T.);
#2314=ORIENTED_EDGE('',*,*,#1346,.T.);
#2315=ORIENTED_EDGE('',*,*,#2159,.F.);
#2316=EDGE_LOOP('',(#2312,#2313,#2314,#2315));
#2317=FACE_OUTER_BOUND('',#2316,.F.);
#2318=ADVANCED_FACE('',(#2317),#2311,.F.);
#2319=CLOSED_SHELL('',(#1304,#1319,#1332,#1500,#1514,#1526,#1540,#1552,#1566,
#1578,#1592,#1604,#1618,#1630,#1644,#1656,#1670,#1682,#1696,#1708,#1722,#1734,
#1748,#1760,#1774,#1786,#1800,#1813,#1826,#1839,#1853,#1866,#1879,#1891,#1904,
#1917,#1930,#1943,#1956,#1969,#1982,#1994,#2008,#2020,#2034,#2046,#2060,#2072,
#2086,#2098,#2112,#2125,#2138,#2151,#2164,#2180,#2193,#2209,#2222,#2236,#2249,
#2262,#2274,#2290,#2303,#2318));
#2320=MANIFOLD_SOLID_BREP('',#2319);
#2322=DIMENSIONAL_EXPONENTS(0.E0,0.E0,0.E0,0.E0,0.E0,0.E0,0.E0);
#2324=PLANE_ANGLE_MEASURE_WITH_UNIT(PLANE_ANGLE_MEASURE(1.745329251994E-2),
#2323);
#2325=(CONVERSION_BASED_UNIT('DEGREE',#2324)NAMED_UNIT(*)PLANE_ANGLE_UNIT());
#2327=UNCERTAINTY_MEASURE_WITH_UNIT(LENGTH_MEASURE(2.730572921921E-2),#2321,
'closure',
'Maximum model space distance between geometric entities at asserted connectivities');
#2328=(GEOMETRIC_REPRESENTATION_CONTEXT(3)GLOBAL_UNCERTAINTY_ASSIGNED_CONTEXT((
#2327))GLOBAL_UNIT_ASSIGNED_CONTEXT((#2321,#2325,#2326))REPRESENTATION_CONTEXT(
'ID1','3'));
#2330=APPLICATION_CONTEXT(
'CONFIGURATION CONTROLLED 3D DESIGNS OF MECHANICAL PARTS AND ASSEMBLIES');
#2331=APPLICATION_PROTOCOL_DEFINITION('international standard',
'config_control_design',1994,#2330);
#2332=DESIGN_CONTEXT('',#2330,'design');
#2333=MECHANICAL_CONTEXT('',#2330,'mechanical');
#2334=PRODUCT('TURTLEBOT2_MOUNT_XTION','TURTLEBOT2_MOUNT_XTION','NOT SPECIFIED',
(#2333));
#2335=PRODUCT_DEFINITION_FORMATION_WITH_SPECIFIED_SOURCE('1','LAST_VERSION',
#2334,.MADE.);
#2339=PRODUCT_CATEGORY('part','');
#2340=PRODUCT_RELATED_PRODUCT_CATEGORY('detail','',(#2334));
#2341=PRODUCT_CATEGORY_RELATIONSHIP('','',#2339,#2340);
#2342=SECURITY_CLASSIFICATION_LEVEL('unclassified');
#2343=SECURITY_CLASSIFICATION('','',#2342);
#2344=CC_DESIGN_SECURITY_CLASSIFICATION(#2343,(#2335));
#2345=APPROVAL_STATUS('approved');
#2346=APPROVAL(#2345,'');
#2347=CC_DESIGN_APPROVAL(#2346,(#2343,#2335,#2336));
#2348=CALENDAR_DATE(112,13,10);
#2349=COORDINATED_UNIVERSAL_TIME_OFFSET(4,0,.BEHIND.);
#2350=LOCAL_TIME(17,52,2.5E1,#2349);
#2351=DATE_AND_TIME(#2348,#2350);
#2352=APPROVAL_DATE_TIME(#2351,#2346);
#2353=DATE_TIME_ROLE('creation_date');
#2354=CC_DESIGN_DATE_AND_TIME_ASSIGNMENT(#2351,#2353,(#2336));
#2355=DATE_TIME_ROLE('classification_date');
#2356=CC_DESIGN_DATE_AND_TIME_ASSIGNMENT(#2351,#2355,(#2343));
#2357=PERSON('UNSPECIFIED','UNSPECIFIED',$,$,$,$);
#2358=ORGANIZATION('UNSPECIFIED','UNSPECIFIED','UNSPECIFIED');
#2359=PERSON_AND_ORGANIZATION(#2357,#2358);
#2360=APPROVAL_ROLE('approver');
#2361=APPROVAL_PERSON_ORGANIZATION(#2359,#2346,#2360);
#2362=PERSON_AND_ORGANIZATION_ROLE('creator');
#2363=CC_DESIGN_PERSON_AND_ORGANIZATION_ASSIGNMENT(#2359,#2362,(#2335,#2336));
#2364=PERSON_AND_ORGANIZATION_ROLE('design_supplier');
#2365=CC_DESIGN_PERSON_AND_ORGANIZATION_ASSIGNMENT(#2359,#2364,(#2335));
#2366=PERSON_AND_ORGANIZATION_ROLE('classification_officer');
#2367=CC_DESIGN_PERSON_AND_ORGANIZATION_ASSIGNMENT(#2359,#2366,(#2343));
#2368=PERSON_AND_ORGANIZATION_ROLE('design_owner');
#2369=CC_DESIGN_PERSON_AND_ORGANIZATION_ASSIGNMENT(#2359,#2368,(#2334));
#5=CIRCLE('',#4,1.55E0);
#10=CIRCLE('',#9,1.55E0);
#15=CIRCLE('',#14,1.55E0);
#20=CIRCLE('',#19,1.55E0);
#25=CIRCLE('',#24,1.55E0);
#30=CIRCLE('',#29,1.55E0);
#35=CIRCLE('',#34,1.55E0);
#40=CIRCLE('',#39,1.55E0);
#45=CIRCLE('',#44,1.905E0);
#50=CIRCLE('',#49,1.905E0);
#55=CIRCLE('',#54,1.905E0);
#60=CIRCLE('',#59,1.905E0);
#65=CIRCLE('',#64,1.55E0);
#70=CIRCLE('',#69,1.55E0);
#75=CIRCLE('',#74,1.55E0);
#80=CIRCLE('',#79,1.55E0);
#85=CIRCLE('',#84,1.905E0);
#90=CIRCLE('',#89,1.905E0);
#95=CIRCLE('',#94,1.55E0);
#100=CIRCLE('',#99,1.55E0);
#105=CIRCLE('',#104,1.905E0);
#110=CIRCLE('',#109,1.905E0);
#115=CIRCLE('',#114,1.55E0);
#120=CIRCLE('',#119,1.55E0);
#125=CIRCLE('',#124,5.E-1);
#130=CIRCLE('',#129,3.175E0);
#135=CIRCLE('',#134,5.E-1);
#160=CIRCLE('',#159,5.E-1);
#165=CIRCLE('',#164,3.175E0);
#170=CIRCLE('',#169,5.E-1);
#195=CIRCLE('',#194,1.55E0);
#200=CIRCLE('',#199,1.55E0);
#205=CIRCLE('',#204,1.55E0);
#210=CIRCLE('',#209,1.55E0);
#215=CIRCLE('',#214,1.55E0);
#220=CIRCLE('',#219,1.55E0);
#225=CIRCLE('',#224,1.55E0);
#230=CIRCLE('',#229,1.55E0);
#248=B_SPLINE_CURVE_WITH_KNOTS('',3,(#239,#240,#241,#242,#243,#244,#245,#246,
#247),.UNSPECIFIED.,.F.,.F.,(4,1,1,1,1,1,4),(0.E0,2.5E-1,5.E-1,6.25E-1,7.5E-1,
8.75E-1,1.E0),.UNSPECIFIED.);
#262=B_SPLINE_CURVE_WITH_KNOTS('',3,(#253,#254,#255,#256,#257,#258,#259,#260,
#261),.UNSPECIFIED.,.F.,.F.,(4,1,1,1,1,1,4),(0.E0,1.25E-1,2.5E-1,3.75E-1,5.E-1,
7.5E-1,1.E0),.UNSPECIFIED.);
#292=B_SPLINE_CURVE_WITH_KNOTS('',3,(#283,#284,#285,#286,#287,#288,#289,#290,
#291),.UNSPECIFIED.,.F.,.F.,(4,1,1,1,1,1,4),(0.E0,2.5E-1,5.E-1,6.25E-1,7.5E-1,
8.75E-1,1.E0),.UNSPECIFIED.);
#306=B_SPLINE_CURVE_WITH_KNOTS('',3,(#297,#298,#299,#300,#301,#302,#303,#304,
#305),.UNSPECIFIED.,.F.,.F.,(4,1,1,1,1,1,4),(0.E0,1.25E-1,2.5E-1,3.75E-1,5.E-1,
7.5E-1,1.E0),.UNSPECIFIED.);
#331=CIRCLE('',#330,1.55E0);
#336=CIRCLE('',#335,1.55E0);
#341=CIRCLE('',#340,1.55E0);
#346=CIRCLE('',#345,1.55E0);
#351=CIRCLE('',#350,1.55E0);
#356=CIRCLE('',#355,1.55E0);
#361=CIRCLE('',#360,1.55E0);
#366=CIRCLE('',#365,1.55E0);
#371=CIRCLE('',#370,1.905E0);
#376=CIRCLE('',#375,1.905E0);
#381=CIRCLE('',#380,1.905E0);
#386=CIRCLE('',#385,1.905E0);
#391=CIRCLE('',#390,1.55E0);
#396=CIRCLE('',#395,1.55E0);
#401=CIRCLE('',#400,1.55E0);
#406=CIRCLE('',#405,1.55E0);
#411=CIRCLE('',#410,1.905E0);
#416=CIRCLE('',#415,1.905E0);
#421=CIRCLE('',#420,1.55E0);
#426=CIRCLE('',#425,1.55E0);
#431=CIRCLE('',#430,1.905E0);
#436=CIRCLE('',#435,1.905E0);
#441=CIRCLE('',#440,1.55E0);
#446=CIRCLE('',#445,1.55E0);
#451=CIRCLE('',#450,5.E-1);
#476=CIRCLE('',#475,5.E-1);
#481=CIRCLE('',#480,3.175E0);
#486=CIRCLE('',#485,5.E-1);
#511=CIRCLE('',#510,5.E-1);
#516=CIRCLE('',#515,3.175E0);
#521=CIRCLE('',#520,1.55E0);
#526=CIRCLE('',#525,1.55E0);
#531=CIRCLE('',#530,1.55E0);
#536=CIRCLE('',#535,1.55E0);
#541=CIRCLE('',#540,1.55E0);
#546=CIRCLE('',#545,1.55E0);
#551=CIRCLE('',#550,1.55E0);
#556=CIRCLE('',#555,1.55E0);
#582=B_SPLINE_CURVE_WITH_KNOTS('',3,(#573,#574,#575,#576,#577,#578,#579,#580,
#581),.UNSPECIFIED.,.F.,.F.,(4,1,1,1,1,1,4),(0.E0,1.25E-1,2.5E-1,3.75E-1,5.E-1,
7.5E-1,1.E0),.UNSPECIFIED.);
#596=B_SPLINE_CURVE_WITH_KNOTS('',3,(#587,#588,#589,#590,#591,#592,#593,#594,
#595),.UNSPECIFIED.,.F.,.F.,(4,1,1,1,1,1,4),(0.E0,2.5E-1,5.E-1,6.25E-1,7.5E-1,
8.75E-1,1.E0),.UNSPECIFIED.);
#626=B_SPLINE_CURVE_WITH_KNOTS('',3,(#617,#618,#619,#620,#621,#622,#623,#624,
#625),.UNSPECIFIED.,.F.,.F.,(4,1,1,1,1,1,4),(0.E0,1.25E-1,2.5E-1,3.75E-1,5.E-1,
7.5E-1,1.E0),.UNSPECIFIED.);
#640=B_SPLINE_CURVE_WITH_KNOTS('',3,(#631,#632,#633,#634,#635,#636,#637,#638,
#639),.UNSPECIFIED.,.F.,.F.,(4,1,1,1,1,1,4),(0.E0,2.5E-1,5.E-1,6.25E-1,7.5E-1,
8.75E-1,1.E0),.UNSPECIFIED.);
#1140=EDGE_CURVE('',#1105,#1106,#234,.T.);
#1142=EDGE_CURVE('',#1105,#900,#238,.T.);
#1144=EDGE_CURVE('',#900,#901,#248,.T.);
#1146=EDGE_CURVE('',#901,#893,#252,.T.);
#1148=EDGE_CURVE('',#893,#894,#262,.T.);
#1150=EDGE_CURVE('',#894,#1126,#266,.T.);
#1152=EDGE_CURVE('',#1125,#1126,#270,.T.);
#1154=EDGE_CURVE('',#1130,#1125,#274,.T.);
#1156=EDGE_CURVE('',#1129,#1130,#278,.T.);
#1158=EDGE_CURVE('',#1129,#895,#282,.T.);
#1160=EDGE_CURVE('',#895,#896,#292,.T.);
#1162=EDGE_CURVE('',#896,#898,#296,.T.);
#1164=EDGE_CURVE('',#898,#899,#306,.T.);
#1166=EDGE_CURVE('',#899,#1118,#310,.T.);
#1168=EDGE_CURVE('',#1117,#1118,#314,.T.);
#1170=EDGE_CURVE('',#1106,#1117,#318,.T.);
#1174=EDGE_CURVE('',#917,#918,#15,.T.);
#1176=EDGE_CURVE('',#918,#917,#20,.T.);
#1180=EDGE_CURVE('',#921,#922,#25,.T.);
#1182=EDGE_CURVE('',#922,#921,#30,.T.);
#1186=EDGE_CURVE('',#925,#926,#35,.T.);
#1188=EDGE_CURVE('',#926,#925,#40,.T.);
#1192=EDGE_CURVE('',#929,#930,#45,.T.);
#1194=EDGE_CURVE('',#930,#929,#50,.T.);
#1198=EDGE_CURVE('',#933,#934,#55,.T.);
#1200=EDGE_CURVE('',#934,#933,#60,.T.);
#1204=EDGE_CURVE('',#961,#962,#65,.T.);
#1206=EDGE_CURVE('',#962,#961,#70,.T.);
#1210=EDGE_CURVE('',#965,#966,#75,.T.);
#1212=EDGE_CURVE('',#966,#965,#80,.T.);
#1216=EDGE_CURVE('',#969,#970,#85,.T.);
#1218=EDGE_CURVE('',#970,#969,#90,.T.);
#1222=EDGE_CURVE('',#973,#974,#95,.T.);
#1224=EDGE_CURVE('',#974,#973,#100,.T.);
#1228=EDGE_CURVE('',#977,#978,#105,.T.);
#1230=EDGE_CURVE('',#978,#977,#110,.T.);
#1234=EDGE_CURVE('',#981,#982,#115,.T.);
#1236=EDGE_CURVE('',#982,#981,#120,.T.);
#1240=EDGE_CURVE('',#1044,#1046,#125,.T.);
#1242=EDGE_CURVE('',#1050,#1044,#130,.T.);
#1244=EDGE_CURVE('',#1049,#1050,#135,.T.);
#1246=EDGE_CURVE('',#1018,#1049,#139,.T.);
#1248=EDGE_CURVE('',#1017,#1018,#143,.T.);
#1250=EDGE_CURVE('',#1022,#1017,#147,.T.);
#1252=EDGE_CURVE('',#1021,#1022,#151,.T.);
#1254=EDGE_CURVE('',#1062,#1021,#155,.T.);
#1256=EDGE_CURVE('',#1060,#1062,#160,.T.);
#1258=EDGE_CURVE('',#1066,#1060,#165,.T.);
#1260=EDGE_CURVE('',#1065,#1066,#170,.T.);
#1262=EDGE_CURVE('',#1012,#1065,#174,.T.);
#1264=EDGE_CURVE('',#1010,#1012,#178,.T.);
#1266=EDGE_CURVE('',#1009,#1010,#182,.T.);
#1268=EDGE_CURVE('',#1014,#1009,#186,.T.);
#1270=EDGE_CURVE('',#1046,#1014,#190,.T.);
#1274=EDGE_CURVE('',#1073,#1074,#195,.T.);
#1276=EDGE_CURVE('',#1074,#1073,#200,.T.);
#1280=EDGE_CURVE('',#1077,#1078,#205,.T.);
#1282=EDGE_CURVE('',#1078,#1077,#210,.T.);
#1286=EDGE_CURVE('',#1081,#1082,#215,.T.);
#1288=EDGE_CURVE('',#1082,#1081,#220,.T.);
#1292=EDGE_CURVE('',#1085,#1086,#225,.T.);
#1294=EDGE_CURVE('',#1086,#1085,#230,.T.);
#1298=EDGE_CURVE('',#913,#914,#5,.T.);
#1300=EDGE_CURVE('',#914,#913,#10,.T.);
#1311=EDGE_CURVE('',#938,#914,#326,.T.);
#1313=EDGE_CURVE('',#937,#938,#331,.T.);
#1315=EDGE_CURVE('',#937,#913,#322,.T.);
#1327=EDGE_CURVE('',#938,#937,#336,.T.);
#1338=EDGE_CURVE('',#1109,#1110,#560,.T.);
#1340=EDGE_CURVE('',#1109,#1114,#564,.T.);
#1342=EDGE_CURVE('',#1113,#1114,#568,.T.);
#1344=EDGE_CURVE('',#908,#1113,#572,.T.);
#1346=EDGE_CURVE('',#907,#908,#582,.T.);
#1348=EDGE_CURVE('',#905,#907,#586,.T.);
#1350=EDGE_CURVE('',#904,#905,#596,.T.);
#1352=EDGE_CURVE('',#1134,#904,#600,.T.);
#1354=EDGE_CURVE('',#1133,#1134,#604,.T.);
#1356=EDGE_CURVE('',#1133,#1122,#608,.T.);
#1358=EDGE_CURVE('',#1121,#1122,#612,.T.);
#1360=EDGE_CURVE('',#903,#1121,#616,.T.);
#1362=EDGE_CURVE('',#902,#903,#626,.T.);
#1364=EDGE_CURVE('',#910,#902,#630,.T.);
#1366=EDGE_CURVE('',#909,#910,#640,.T.);
#1368=EDGE_CURVE('',#1110,#909,#644,.T.);
#1372=EDGE_CURVE('',#941,#942,#341,.T.);
#1374=EDGE_CURVE('',#942,#941,#346,.T.);
#1378=EDGE_CURVE('',#945,#946,#351,.T.);
#1380=EDGE_CURVE('',#946,#945,#356,.T.);
#1384=EDGE_CURVE('',#949,#950,#361,.T.);
#1386=EDGE_CURVE('',#950,#949,#366,.T.);
#1390=EDGE_CURVE('',#953,#954,#371,.T.);
#1392=EDGE_CURVE('',#954,#953,#376,.T.);
#1396=EDGE_CURVE('',#957,#958,#381,.T.);
#1398=EDGE_CURVE('',#958,#957,#386,.T.);
#1402=EDGE_CURVE('',#985,#986,#391,.T.);
#1404=EDGE_CURVE('',#986,#985,#396,.T.);
#1408=EDGE_CURVE('',#989,#990,#401,.T.);
#1410=EDGE_CURVE('',#990,#989,#406,.T.);
#1414=EDGE_CURVE('',#993,#994,#411,.T.);
#1416=EDGE_CURVE('',#994,#993,#416,.T.);
#1420=EDGE_CURVE('',#997,#998,#421,.T.);
#1422=EDGE_CURVE('',#998,#997,#426,.T.);
#1426=EDGE_CURVE('',#1001,#1002,#431,.T.);
#1428=EDGE_CURVE('',#1002,#1001,#436,.T.);
#1432=EDGE_CURVE('',#1005,#1006,#441,.T.);
#1434=EDGE_CURVE('',#1006,#1005,#446,.T.);
#1438=EDGE_CURVE('',#1041,#1042,#451,.T.);
#1440=EDGE_CURVE('',#1041,#1030,#455,.T.);
#1442=EDGE_CURVE('',#1030,#1025,#459,.T.);
#1444=EDGE_CURVE('',#1025,#1026,#463,.T.);
#1446=EDGE_CURVE('',#1026,#1028,#467,.T.);
#1448=EDGE_CURVE('',#1028,#1070,#471,.T.);
#1450=EDGE_CURVE('',#1068,#1070,#476,.T.);
#1452=EDGE_CURVE('',#1068,#1058,#481,.T.);
#1454=EDGE_CURVE('',#1057,#1058,#486,.T.);
#1456=EDGE_CURVE('',#1057,#1037,#490,.T.);
#1458=EDGE_CURVE('',#1037,#1038,#494,.T.);
#1460=EDGE_CURVE('',#1038,#1033,#498,.T.);
#1462=EDGE_CURVE('',#1033,#1034,#502,.T.);
#1464=EDGE_CURVE('',#1034,#1054,#506,.T.);
#1466=EDGE_CURVE('',#1052,#1054,#511,.T.);
#1468=EDGE_CURVE('',#1052,#1042,#516,.T.);
#1472=EDGE_CURVE('',#1089,#1090,#521,.T.);
#1474=EDGE_CURVE('',#1090,#1089,#526,.T.);
#1478=EDGE_CURVE('',#1093,#1094,#531,.T.);
#1480=EDGE_CURVE('',#1094,#1093,#536,.T.);
#1484=EDGE_CURVE('',#1097,#1098,#541,.T.);
#1486=EDGE_CURVE('',#1098,#1097,#546,.T.);
#1490=EDGE_CURVE('',#1101,#1102,#551,.T.);
#1492=EDGE_CURVE('',#1102,#1101,#556,.T.);
#1507=EDGE_CURVE('',#942,#918,#652,.T.);
#1510=EDGE_CURVE('',#941,#917,#648,.T.);
#1533=EDGE_CURVE('',#946,#922,#660,.T.);
#1536=EDGE_CURVE('',#945,#921,#656,.T.);
#1559=EDGE_CURVE('',#950,#926,#668,.T.);
#1562=EDGE_CURVE('',#949,#925,#664,.T.);
#1585=EDGE_CURVE('',#954,#930,#676,.T.);
#1588=EDGE_CURVE('',#953,#929,#672,.T.);
#1611=EDGE_CURVE('',#958,#934,#684,.T.);
#1614=EDGE_CURVE('',#957,#933,#680,.T.);
#1637=EDGE_CURVE('',#986,#962,#692,.T.);
#1640=EDGE_CURVE('',#985,#961,#688,.T.);
#1663=EDGE_CURVE('',#990,#966,#700,.T.);
#1666=EDGE_CURVE('',#989,#965,#696,.T.);
#1689=EDGE_CURVE('',#994,#970,#708,.T.);
#1692=EDGE_CURVE('',#993,#969,#704,.T.);
#1715=EDGE_CURVE('',#998,#974,#716,.T.);
#1718=EDGE_CURVE('',#997,#973,#712,.T.);
#1741=EDGE_CURVE('',#1002,#978,#724,.T.);
#1744=EDGE_CURVE('',#1001,#977,#720,.T.);
#1767=EDGE_CURVE('',#1006,#982,#732,.T.);
#1770=EDGE_CURVE('',#1005,#981,#728,.T.);
#1793=EDGE_CURVE('',#1044,#1042,#736,.T.);
#1796=EDGE_CURVE('',#1046,#1041,#776,.T.);
#1808=EDGE_CURVE('',#1052,#1050,#740,.T.);
#1822=EDGE_CURVE('',#1054,#1049,#744,.T.);
#1834=EDGE_CURVE('',#1034,#1018,#748,.T.);
#1845=EDGE_CURVE('',#1062,#1057,#752,.T.);
#1848=EDGE_CURVE('',#1037,#1021,#764,.T.);
#1862=EDGE_CURVE('',#1033,#1017,#756,.T.);
#1875=EDGE_CURVE('',#1038,#1022,#760,.T.);
#1898=EDGE_CURVE('',#1060,#1058,#768,.T.);
#1912=EDGE_CURVE('',#1068,#1066,#772,.T.);
#1926=EDGE_CURVE('',#1070,#1065,#780,.T.);
#1938=EDGE_CURVE('',#1030,#1014,#788,.T.);
#1951=EDGE_CURVE('',#1028,#1012,#784,.T.);
#1963=EDGE_CURVE('',#1025,#1009,#792,.T.);
#1976=EDGE_CURVE('',#1026,#1010,#796,.T.);
#2001=EDGE_CURVE('',#1090,#1074,#804,.T.);
#2004=EDGE_CURVE('',#1089,#1073,#800,.T.);
#2027=EDGE_CURVE('',#1094,#1078,#812,.T.);
#2030=EDGE_CURVE('',#1093,#1077,#808,.T.);
#2053=EDGE_CURVE('',#1098,#1082,#820,.T.);
#2056=EDGE_CURVE('',#1097,#1081,#816,.T.);
#2079=EDGE_CURVE('',#1102,#1086,#828,.T.);
#2082=EDGE_CURVE('',#1101,#1085,#824,.T.);
#2105=EDGE_CURVE('',#1109,#1106,#832,.T.);
#2108=EDGE_CURVE('',#1110,#1105,#840,.T.);
#2120=EDGE_CURVE('',#1117,#1114,#836,.T.);
#2134=EDGE_CURVE('',#1118,#1113,#844,.T.);
#2146=EDGE_CURVE('',#900,#909,#852,.T.);
#2159=EDGE_CURVE('',#899,#908,#848,.T.);
#2169=ELLIPSE('',#2168,5.E0,1.E1);
#2176=EDGE_CURVE('',#901,#910,#856,.T.);
#2189=EDGE_CURVE('',#893,#902,#860,.T.);
#2198=ELLIPSE('',#2197,5.E0,9.999999999999E0);
#2205=EDGE_CURVE('',#894,#903,#868,.T.);
#2215=EDGE_CURVE('',#1126,#1121,#864,.T.);
#2228=EDGE_CURVE('',#1134,#1129,#872,.T.);
#2231=EDGE_CURVE('',#895,#904,#884,.T.);
#2243=EDGE_CURVE('',#1125,#1122,#876,.T.);
#2257=EDGE_CURVE('',#1133,#1130,#880,.T.);
#2279=ELLIPSE('',#2278,5.E0,1.E1);
#2286=EDGE_CURVE('',#896,#905,#888,.T.);
#2299=EDGE_CURVE('',#898,#907,#892,.T.);
#2308=ELLIPSE('',#2307,5.E0,1.E1);
#2321=(LENGTH_UNIT()NAMED_UNIT(*)SI_UNIT(.MILLI.,.METRE.));
#2323=(NAMED_UNIT(*)PLANE_ANGLE_UNIT()SI_UNIT($,.RADIAN.));
#2326=(NAMED_UNIT(*)SI_UNIT($,.STERADIAN.)SOLID_ANGLE_UNIT());
#2329=ADVANCED_BREP_SHAPE_REPRESENTATION('',(#2320),#2328);
#2336=PRODUCT_DEFINITION('design','',#2335,#2332);
#2337=PRODUCT_DEFINITION_SHAPE('','SHAPE FOR TURTLEBOT2_MOUNT_XTION.',#2336);
#2338=SHAPE_DEFINITION_REPRESENTATION(#2337,#2329);
ENDSEC;
END-ISO-10303-21;
